seed,drawCount,GetDeal,GetDealForCardGame,GetDealForCardGame2,MovesMadeOutputForCardGame,result.Result,result.CardsInFoundation,result.MovesMade,result.TimesThroughDeck,result.States,result.Time,result.SolutionCount
100000,1,'081123051062044133061052124132134043113114092024101121131082111033023054012011072104094091084041074112102064071013053122014063083034093103042031021022032073',+8C*QH*+5D*5C*QS*+JS*6D*KD*9D*+KC*4S*KS*2S*8D*+2H*KH*4H*TC*JC*5S*+AC*6C*JH*QC*3H*AD*7D*+TS*9S*9C*8S*4C*7S*JD*TD*6S*7C*AH*5H*QD*AS*6H*8H*3S*9H*TH*4D*3C*2C*2D*3D*7H,34:8:2:1*25:12:1:0*5:5:0:1*31:5:2:0*51:12:3:0*50:11:3:1*6:6:0:0*13:13:0:0*9:9:0:0*39:13:2:1*43:4:3:0*52:13:3:0*41:2:3:0*8:8:0:0*15:2:1:1*26:13:1:0*17:4:1:0*36:10:2:0*37:11:2:0*44:5:3:0*27:1:2:1*32:6:2:0*24:11:1:0*38:12:2:0*16:3:1:0*1:1:0:0*7:7:0:0*49:10:3:1*48:9:3:0*35:9:2:0*47:8:3:0*30:4:2:0*46:7:3:0*11:11:0:0*10:10:0:0*45:6:3:0*33:7:2:0*14:1:1:0*18:5:1:0*12:12:0:0*40:1:3:0*19:6:1:0*21:8:1:0*42:3:3:0*22:9:1:0*23:10:1:0*4:4:0:0*29:3:2:0*28:2:2:0*2:2:0:0*3:3:0:0*20:7:1:0,1:27:-103*2:44:-1*3:-1:-1*3:-1:-1*3:-1:-1*3:-1:-1*1:30:5*3:-1:-1*3:-1:-1*3:-1:-1*3:-1:-1*3:-1:-1*3:-1:-1*1:14:-101*1:15:14*2:8:-1*1:33:8*3:-1:-1*3:-1:-1*3:-1:-1*1:40:-104*1:12:39*3:-1:-1*3:-1:-1*3:-1:-1*3:-1:-1*1:22:49*3:-1:-1*1:23:50*3:-1:-1*3:-1:-1*3:-1:-1*1:28:27*1:29:28*1:50:12*2:51:-1*1:4:44*1:42:4*3:-1:-1*1:2:42*3:-1:-1*1:3:30*3:-1:-1*6:-1:-1*3:-1:-1*3:-1:-1*1:35:23*3:-1:-1*3:-1:-1*3:-1:-1*1:11:51*1:49:11*2:7:-1*1:7:34*2:1:-1*1:1:-102*2:16:-1*1:2:1*1:3:2*1:16:15*2:38:-1*1:30:29*1:8:35*2:41:-1*1:41:40*2:52:-1*1:42:41*1:4:3*1:5:4*2:25:-1*1:25:52*1:52:-106*2:43:-1*1:43:42*1:44:43*2:37:-1*1:39:-109*2:9:-1*1:37:25*2:36:-1*1:9:36*2:13:-1*1:38:13*2:24:-1*3:-1:-1*3:-1:-1*1:45:44*1:36:24*2:17:-1*1:17:16*2:26:-1*3:-1:-1*1:18:17*3:-1:-1*1:19:18*3:-1:-1*3:-1:-1*1:20:19*1:21:20*1:22:21*1:51:26*2:31:-1*1:31:30*1:13:-107*2:6:-1*1:6:5*1:7:6*1:24:38*2:32:-1*1:32:31*1:33:32*1:34:33*1:8:7*1:9:8*1:35:34*1:36:35*1:37:36*1:23:22*1:24:23*1:25:24*1:38:37*1:10:9*1:46:45*1:47:46*1:48:47*1:49:48*1:50:49*1:11:10*1:12:11*1:13:12*1:39:38*1:51:50*1:52:51*1:26:25,Minimal,52,112,2,2915103,00:01:37.9665962,3
100010,1,'034081032013112102114053093064014092134041073042132101044012122094123124021051011121072133091033131084031023111104043063022061052083024103071054082062074113',+3S*8C*+5H*3D*9H*+4C*AH*6S*7H*+4S*JD*AS*4D*AD*+QH*TD*9D*KD*QD*QS*+5C*JS*KS*TC*9S*2C*AC*+QC*7D*KH*9C*3H*KC*8S*3C*2H*JC*TS*4H*6H*2D*6C*5D*8H*2S*TH*7C*5S*8D*6D*7S*JH,42:3:3:1*34:8:2:0*18:5:1:1*3:3:0:0*22:9:1:0*30:4:2:1*14:1:1:0*45:6:3:0*20:7:1:0*43:4:3:1*11:11:0:0*40:1:3:0*4:4:0:0*1:1:0:0*25:12:1:1*10:10:0:0*9:9:0:0*13:13:0:0*12:12:0:0*51:12:3:0*31:5:2:1*50:11:3:0*52:13:3:0*36:10:2:0*48:9:3:0*28:2:2:0*27:1:2:0*38:12:2:1*7:7:0:0*26:13:1:0*35:9:2:0*16:3:1:0*39:13:2:0*47:8:3:0*29:3:2:0*15:2:1:0*37:11:2:0*49:10:3:0*17:4:1:0*19:6:1:0*2:2:0:0*32:6:2:0*5:5:0:0*21:8:1:0*41:2:3:0*23:10:1:0*33:7:2:0*44:5:3:0*8:8:0:0*6:6:0:0*46:7:3:0*24:11:1:0,3:-1:-1*3:-1:-1*3:-1:-1*3:-1:-1*1:16:43*3:-1:-1*3:-1:-1*3:-1:-1*3:-1:-1*3:-1:-1*1:37:25*3:-1:-1*3:-1:-1*1:17:31*3:-1:-1*3:-1:-1*1:2:42*3:-1:-1*3:-1:-1*3:-1:-1*3:-1:-1*1:41:16*3:-1:-1*1:23:37*1:43:18*2:20:-1*1:42:17*3:-1:-1*3:-1:-1*3:-1:-1*3:-1:-1*3:-1:-1*3:-1:-1*1:24:38*6:-1:-1*3:-1:-1*3:-1:-1*1:26:-105*1:38:26*2:27:-1*1:27:-103*2:28:-1*1:28:27*2:48:-1*3:-1:-1*3:-1:-1*3:-1:-1*3:-1:-1*1:29:28*1:30:29*2:22:-1*1:47:22*1:20:47*2:45:-1*1:45:20*2:14:-1*1:14:-101*1:39:-108*3:-1:-1*1:15:14*1:25:39*2:1:-1*1:1:-102*2:4:-1*1:2:1*3:-1:-1*1:49:24*1:22:49*2:3:-1*1:3:2*1:4:3*2:40:-1*1:40:-104*2:11:-1*1:41:40*1:16:15*1:42:41*1:43:42*1:17:16*1:18:17*2:34:-1*1:31:30*2:51:-1*3:-1:-1*1:19:18*3:-1:-1*1:32:31*3:-1:-1*1:5:4*3:-1:-1*3:-1:-1*1:33:32*1:34:33*3:-1:-1*1:44:43*1:45:44*1:20:19*1:21:20*1:35:34*3:-1:-1*1:8:48*3:-1:-1*1:6:5*1:7:6*1:8:7*3:-1:-1*1:46:45*1:47:46*1:22:21*1:23:22*1:48:47*2:36:-1*1:49:48*1:36:35*2:52:-1*1:24:23*1:37:36*1:38:37*1:25:24*1:26:25*1:39:38*1:52:-105*2:50:-1*1:50:49*1:51:50*2:12:-1*1:12:52*2:13:-1*1:13:-106*2:9:-1*1:9:8*2:10:-1*1:10:9*1:11:10*1:12:11*1:52:51*1:13:12,Minimal,52,115,2,266705,00:00:11.2685745,2
100020,1,'073031103072061033114112131082122123111042063062071052012134094034102044051124041043064121013092091081053084021074133104032132014011093083023054024101113022',+7H*3C*+JD*TH*KC*+4D*7D*8D*6H*+AD*6C*QD*6D*KS*+TD*3H*QH*7C*9S*4S*+QS*JS*JC*5D*3S*5C*4C*+4H*6S*QC*AH*9D*9C*8C*5H*8S*2C*7S*KH*TS*3D*KD*AS*AC*9H*8H*2H*5S*2S*TC*JH*2D,20:7:1:1*29:3:2:0*11:11:0:1*23:10:1:0*39:13:2:0*4:4:0:1*7:7:0:0*8:8:0:0*19:6:1:0*1:1:0:1*32:6:2:0*12:12:0:0*6:6:0:0*52:13:3:0*10:10:0:1*16:3:1:0*25:12:1:0*33:7:2:0*48:9:3:0*43:4:3:0*51:12:3:1*50:11:3:0*37:11:2:0*5:5:0:0*42:3:3:0*31:5:2:0*30:4:2:0*17:4:1:1*45:6:3:0*38:12:2:0*14:1:1:0*9:9:0:0*35:9:2:0*34:8:2:0*18:5:1:0*47:8:3:0*28:2:2:0*46:7:3:0*26:13:1:0*49:10:3:0*3:3:0:0*13:13:0:0*40:1:3:0*27:1:2:0*22:9:1:0*21:8:1:0*15:2:1:0*44:5:3:0*41:2:3:0*36:10:2:0*24:11:1:0*2:2:0:0,1:1:-102*2:19:-1*3:-1:-1*1:45:20*3:-1:-1*3:-1:-1*1:14:-101*1:11:51*2:29:-1*1:29:4*3:-1:-1*3:-1:-1*3:-1:-1*3:-1:-1*1:18:45*3:-1:-1*3:-1:-1*3:-1:-1*3:-1:-1*1:26:-106*1:51:26*2:43:-1*3:-1:-1*1:49:11*3:-1:-1*3:-1:-1*3:-1:-1*1:40:-104*3:-1:-1*1:27:-103*1:43:18*2:48:-1*3:-1:-1*3:-1:-1*3:-1:-1*1:15:14*1:48:10*2:33:-1*1:21:48*3:-1:-1*3:-1:-1*1:41:40*1:33:21*2:25:-1*1:44:19*1:4:44*2:39:-1*1:25:39*2:16:-1*1:16:15*1:17:16*2:30:-1*1:22:49*1:13:-110*1:19:33*2:8:-1*1:3:43*1:46:8*1:28:27*1:29:28*1:30:29*2:31:-1*1:31:30*2:42:-1*1:42:41*2:5:-1*1:47:22*3:-1:-1*3:-1:-1*3:-1:-1*1:2:1*1:3:2*1:43:42*1:18:17*1:4:3*1:44:43*1:45:44*1:19:18*1:5:4*2:37:-1*1:20:19*1:46:45*1:47:46*1:10:37*2:52:-1*1:52:-105*2:6:-1*1:6:5*2:12:-1*1:12:52*2:32:-1*1:32:31*1:33:32*1:21:20*1:22:21*1:39:-109*2:23:-1*1:23:22*1:24:23*1:25:24*1:8:48*2:7:-1*1:7:6*1:8:7*1:48:47*1:49:48*1:36:11*1:34:33*1:35:34*1:36:35*1:9:8*1:10:9*1:11:10*1:12:11*1:37:36*2:50:-1*1:50:49*1:51:50*1:52:51*1:26:25*1:13:12*1:38:37*1:39:38,Minimal,52,102,1,71262,00:00:02.2323688,4
100030,1,'131134053113071111103081063102133032101031092083084093023123043104094034124082054052064061022074012033122041051044132112121091062024013073021042072114011014',+KC*KS*+8C*5H*6H*+3C*JH*TD*9D*+2H*7C*KH*8H*QH*+9S*JC*3D*8S*4H*3S*+8D*TH*TC*9H*TS*QS*5S*+5D*6S*6C*2D*7S*AD*3H*QD*4C*5C*4S*KD*JD*QC*9C*6D*2S*AH*7H*2C*4D*7D*JS*AC*AS,39:13:2:1*52:13:3:0*34:8:2:1*18:5:1:0*19:6:1:0*29:3:2:1*24:11:1:0*10:10:0:0*9:9:0:0*15:2:1:1*33:7:2:0*26:13:1:0*21:8:1:0*25:12:1:0*48:9:3:1*37:11:2:0*3:3:0:0*47:8:3:0*17:4:1:0*42:3:3:0*8:8:0:1*23:10:1:0*36:10:2:0*22:9:1:0*49:10:3:0*51:12:3:0*44:5:3:0*5:5:0:1*45:6:3:0*32:6:2:0*2:2:0:0*46:7:3:0*1:1:0:0*16:3:1:0*12:12:0:0*30:4:2:0*31:5:2:0*43:4:3:0*13:13:0:0*11:11:0:0*38:12:2:0*35:9:2:0*6:6:0:0*41:2:3:0*14:1:1:0*20:7:1:0*28:2:2:0*4:4:0:0*7:7:0:0*50:11:3:0*27:1:2:0*40:1:3:0,1:8:48*2:42:-1*3:-1:-1*3:-1:-1*3:-1:-1*3:-1:-1*1:46:8*3:-1:-1*1:1:-102*1:2:1*3:-1:-1*3:-1:-1*1:12:39*3:-1:-1*1:30:5*1:16:30*3:-1:-1*3:-1:-1*3:-1:-1*3:-1:-1*3:-1:-1*3:-1:-1*3:-1:-1*3:-1:-1*3:-1:-1*1:14:-101*1:15:14*2:9:-1*1:41:16*3:-1:-1*3:-1:-1*3:-1:-1*3:-1:-1*1:7:34*3:-1:-1*1:50:12*3:-1:-1*1:27:-103*3:-1:-1*1:40:-104*1:41:40*1:42:41*2:17:-1*1:16:15*1:17:16*2:47:-1*1:47:9*2:3:-1*1:3:2*2:37:-1*1:4:3*1:28:27*1:29:28*2:19:-1*1:30:29*1:5:4*2:44:-1*1:19:46*2:18:-1*1:18:17*1:19:18*1:20:19*1:6:5*1:7:6*6:-1:-1*3:-1:-1*3:-1:-1*3:-1:-1*1:31:30*1:32:31*3:-1:-1*1:43:42*1:44:43*2:51:-1*1:45:44*1:46:45*1:47:46*1:8:7*1:9:8*2:10:-1*1:10:9*2:24:-1*1:48:47*2:25:-1*3:-1:-1*3:-1:-1*1:11:10*1:50:25*1:12:11*1:13:12*1:25:39*2:21:-1*1:21:20*2:26:-1*1:51:26*2:49:-1*1:49:48*2:22:-1*1:50:49*1:51:50*1:22:21*2:36:-1*1:26:-107*2:33:-1*1:33:32*1:34:33*2:52:-1*1:52:51*3:-1:-1*3:-1:-1*1:35:34*1:36:35*2:23:-1*1:37:36*1:23:22*1:24:23*1:25:24*1:26:25*1:38:37*1:39:38,Minimal,52,98,2,14038,00:00:00.2856360,1
100040,1,'012024052092124104113014074043133132021044091101073081051062093083072041064022121054071084053063032023013134114042131094122103123112061082011111034031033102',+AD*2S*+AS*5D*7S*+4S*9D*4H*9C*+5C*QS*KH*TC*6D*+7D*TS*KD*7H*9H*4C*+2D*JH*2C*8C*8H*6S*QC*+5S*7C*8S*5H*6H*3D*2H*AH*KS*JS*4D*KC*9S*QD*TH*QH*JD*6C*8D*AC*JC*3S*3C*3H*TD,1:1:0:1*41:2:3:0*40:1:3:1*5:5:0:0*46:7:3:0*43:4:3:1*9:9:0:0*17:4:1:0*35:9:2:0*31:5:2:1*51:12:3:0*26:13:1:0*36:10:2:0*6:6:0:0*7:7:0:1*49:10:3:0*13:13:0:0*20:7:1:0*22:9:1:0*30:4:2:0*2:2:0:1*24:11:1:0*28:2:2:0*34:8:2:0*21:8:1:0*45:6:3:0*38:12:2:0*44:5:3:1*33:7:2:0*47:8:3:0*18:5:1:0*19:6:1:0*3:3:0:0*15:2:1:0*14:1:1:0*52:13:3:0*50:11:3:0*4:4:0:0*39:13:2:0*48:9:3:0*12:12:0:0*23:10:1:0*25:12:1:0*11:11:0:0*32:6:2:0*8:8:0:0*27:1:2:0*37:11:2:0*42:3:3:0*29:3:2:0*16:3:1:0*10:10:0:0,1:1:-102*1:40:-104*2:41:-1*1:41:40*1:2:1*2:30:-1*3:-1:-1*3:-1:-1*3:-1:-1*3:-1:-1*3:-1:-1*1:3:2*3:-1:-1*3:-1:-1*1:14:-101*1:15:14*3:-1:-1*1:52:-105*3:-1:-1*3:-1:-1*1:4:3*3:-1:-1*1:39:-106*3:-1:-1*3:-1:-1*1:12:39*3:-1:-1*3:-1:-1*1:25:52*3:-1:-1*3:-1:-1*1:32:7*3:-1:-1*3:-1:-1*1:27:-103*3:-1:-1*1:37:12*3:-1:-1*1:42:41*1:43:42*2:46:-1*1:44:43*2:38:-1*3:-1:-1*3:-1:-1*1:16:15*3:-1:-1*1:10:37*6:-1:-1*3:-1:-1*3:-1:-1*3:-1:-1*3:-1:-1*1:19:46*1:31:19*2:35:-1*1:35:10*2:17:-1*1:17:16*2:9:-1*1:18:17*1:47:9*3:-1:-1*3:-1:-1*3:-1:-1*3:-1:-1*3:-1:-1*1:8:35*1:46:8*2:5:-1*1:7:47*2:6:-1*1:31:6*1:19:18*1:6:46*2:36:-1*1:30:5*2:22:-1*1:22:36*2:20:-1*1:20:19*2:13:-1*1:38:13*2:45:-1*1:45:44*2:21:-1*1:21:20*2:34:-1*1:34:22*2:28:-1*1:28:27*2:24:-1*3:-1:-1*1:29:28*1:30:29*1:31:30*1:5:4*1:6:5*1:46:45*1:32:31*1:7:6*1:8:7*1:47:46*1:34:9*1:22:21*1:11:38*1:23:22*1:24:23*1:25:24*1:48:47*1:13:-107*2:49:-1*1:49:48*1:50:49*1:33:32*1:34:33*1:35:34*1:9:8*1:10:9*1:11:10*1:36:35*2:26:-1*1:37:36*1:12:11*1:38:37*1:39:38*1:13:12*1:26:25*2:51:-1*1:51:50*1:52:51,Minimal,52,109,2,1422339,00:00:46.5075236,1
100050,1,'034052084031101064043032061023022082081044122014051053063011111074123112033083104012071102062103124021091073114121041054072024131132092134093133113042094013',+3S*5D*+3D*8S*6C*+4S*3C*2H*QD*+6H*TC*2D*AS*AC*+QH*6S*8D*5C*JC*JD*+8H*4H*8C*5H*7S*3H*TS*+AD*7C*TD*6D*TH*QS*2C*9C*7H*JS*QC*4C*5S*7D*2S*KC*KD*9D*KS*9H*KH*JH*4D*9S*AH,42:3:3:1*5:5:0:0*3:3:0:1*47:8:3:0*32:6:2:0*43:4:3:1*29:3:2:0*15:2:1:0*12:12:0:0*19:6:1:1*36:10:2:0*2:2:0:0*40:1:3:0*27:1:2:0*25:12:1:1*45:6:3:0*8:8:0:0*31:5:2:0*37:11:2:0*11:11:0:0*21:8:1:1*17:4:1:0*34:8:2:0*18:5:1:0*46:7:3:0*16:3:1:0*49:10:3:0*1:1:0:1*33:7:2:0*10:10:0:0*6:6:0:0*23:10:1:0*51:12:3:0*28:2:2:0*35:9:2:0*20:7:1:0*50:11:3:0*38:12:2:0*30:4:2:0*44:5:3:0*7:7:0:0*41:2:3:0*39:13:2:0*13:13:0:0*9:9:0:0*52:13:3:0*22:9:1:0*26:13:1:0*24:11:1:0*4:4:0:0*48:9:3:0*14:1:1:0,1:1:-102*2:49:-1*1:3:43*2:5:-1*1:43:5*2:32:-1*1:5:32*3:-1:-1*1:33:21*3:-1:-1*3:-1:-1*1:6:33*3:-1:-1*3:-1:-1*3:-1:-1*1:28:3*3:-1:-1*3:-1:-1*3:-1:-1*1:50:25*3:-1:-1*3:-1:-1*3:-1:-1*1:44:19*3:-1:-1*3:-1:-1*3:-1:-1*1:39:-106*1:25:39*2:27:-1*1:27:-103*2:40:-1*1:28:27*1:40:-104*2:2:-1*1:2:1*2:36:-1*1:3:2*1:41:40*1:42:41*1:43:42*1:44:43*3:-1:-1*3:-1:-1*1:9:49*3:-1:-1*1:52:-105*3:-1:-1*1:22:36*3:-1:-1*3:-1:-1*3:-1:-1*1:4:3*1:5:4*1:6:5*1:19:33*2:12:-1*3:-1:-1*3:-1:-1*1:14:-101*1:12:52*2:15:-1*1:15:14*2:29:-1*1:29:28*6:-1:-1*3:-1:-1*3:-1:-1*1:23:50*3:-1:-1*3:-1:-1*1:35:23*1:21:35*2:11:-1*1:49:11*2:16:-1*1:16:15*2:46:-1*3:-1:-1*3:-1:-1*3:-1:-1*1:30:29*3:-1:-1*1:7:6*3:-1:-1*1:13:-108*1:38:13*1:11:38*2:37:-1*1:37:12*2:31:-1*1:31:30*2:8:-1*1:8:7*2:45:-1*1:9:8*1:45:44*1:46:45*2:18:-1*1:18:32*2:34:-1*1:34:22*2:17:-1*1:17:16*1:18:17*1:19:18*1:32:31*2:47:-1*1:33:32*1:47:46*1:34:33*1:20:19*1:21:20*1:35:34*1:22:21*1:23:22*1:36:35*1:37:36*3:-1:-1*3:-1:-1*1:24:23*3:-1:-1*1:48:47*1:49:48*1:50:49*1:25:24*1:26:25*1:51:50*1:10:9*1:11:10*1:12:11*1:52:51*1:38:37*1:39:38*1:13:12,Minimal,52,113,2,760046,00:00:28.9039997,1
100060,1,'073101122121104084132031082113051131112072091092114053094024102123023032134052044021064081124133061041022103014062012043063074011071042083111093034013054033',+7H*TC*+3C*QD*8D*+7D*QC*JH*9C*+9S*TS*5C*9D*2S*+2H*8S*KC*JS*TD*3D*+5D*KD*JD*5H*QH*KS*4S*+2C*6S*8C*QS*KH*6C*4C*2D*TH*AS*6D*AD*4H*6H*7S*AC*7C*4D*8H*JC*9H*3S*AH*5S*3H,20:7:1:1*36:10:2:0*29:3:2:1*12:12:0:0*8:8:0:0*7:7:0:1*38:12:2:0*24:11:1:0*35:9:2:0*48:9:3:1*49:10:3:0*31:5:2:0*9:9:0:0*41:2:3:0*15:2:1:1*47:8:3:0*39:13:2:0*50:11:3:0*10:10:0:0*3:3:0:0*5:5:0:1*13:13:0:0*11:11:0:0*18:5:1:0*25:12:1:0*52:13:3:0*43:4:3:0*28:2:2:1*45:6:3:0*34:8:2:0*51:12:3:0*26:13:1:0*32:6:2:0*30:4:2:0*2:2:0:0*23:10:1:0*40:1:3:0*6:6:0:0*1:1:0:0*17:4:1:0*19:6:1:0*46:7:3:0*27:1:2:0*33:7:2:0*4:4:0:0*21:8:1:0*37:11:2:0*22:9:1:0*42:3:3:0*14:1:1:0*44:5:3:0*16:3:1:0,3:-1:-1*1:45:7*3:-1:-1*3:-1:-1*3:-1:-1*3:-1:-1*1:32:20*3:-1:-1*1:30:5*1:5:45*2:3:-1*3:-1:-1*1:2:29*3:-1:-1*3:-1:-1*1:40:-104*3:-1:-1*3:-1:-1*1:1:-102*1:2:1*1:3:2*2:10:-1*3:-1:-1*3:-1:-1*3:-1:-1*3:-1:-1*1:27:-103*1:28:27*2:43:-1*1:29:28*2:36:-1*1:30:29*3:-1:-1*3:-1:-1*1:4:3*1:5:4*3:-1:-1*1:21:48*1:33:21*3:-1:-1*3:-1:-1*3:-1:-1*3:-1:-1*1:14:-101*1:15:14*2:41:-1*1:41:40*2:9:-1*1:42:41*1:43:42*2:52:-1*3:-1:-1*1:44:43*1:45:44*3:-1:-1*1:16:15*1:9:36*2:31:-1*1:31:30*2:49:-1*1:32:31*1:33:32*1:22:49*6:-1:-1*3:-1:-1*1:34:33*3:-1:-1*3:-1:-1*3:-1:-1*3:-1:-1*1:6:5*1:7:6*2:8:-1*1:8:7*2:12:-1*1:9:8*1:10:9*2:50:-1*1:50:12*2:39:-1*3:-1:-1*1:17:16*3:-1:-1*3:-1:-1*1:46:45*1:12:52*1:52:-107*2:25:-1*1:25:39*2:18:-1*1:18:17*2:11:-1*1:11:10*2:13:-1*1:19:18*1:20:19*1:21:20*1:22:21*1:23:22*1:39:-105*2:47:-1*1:47:46*1:48:47*2:35:-1*1:35:34*2:24:-1*1:36:35*1:24:23*2:38:-1*1:49:48*1:25:24*1:50:49*1:12:11*1:13:12*1:26:25*1:51:50*1:52:51*3:-1:-1*1:37:36*1:38:37*1:39:38,Minimal,52,99,2,205164,00:00:04.7659835,2
100070,1,'051124063043083111072032082044034071054081131121074084014013114101023022132134041062031033093091053011112113094092052073104102021133064103122061123012042024',+5C*QS*+3D*6H*8D*+8C*4H*4S*KC*+AS*8H*3S*QC*AH*+2H*JC*7C*7S*JS*2D*+KS*7D*5S*8S*TC*KD*4C*+6D*3C*3H*9H*9C*5H*AC*JD*JH*9S*9D*5D*7H*TS*TD*2C*KH*6S*TH*QD*6C*QH*AD*4D*2S,31:5:2:1*51:12:3:0*3:3:0:1*19:6:1:0*8:8:0:0*34:8:2:1*17:4:1:0*43:4:3:0*39:13:2:0*40:1:3:1*21:8:1:0*42:3:3:0*38:12:2:0*14:1:1:0*15:2:1:1*37:11:2:0*33:7:2:0*46:7:3:0*50:11:3:0*2:2:0:0*52:13:3:1*7:7:0:0*44:5:3:0*47:8:3:0*36:10:2:0*13:13:0:0*30:4:2:0*6:6:0:1*29:3:2:0*16:3:1:0*22:9:1:0*35:9:2:0*18:5:1:0*27:1:2:0*11:11:0:0*24:11:1:0*48:9:3:0*9:9:0:0*5:5:0:0*20:7:1:0*49:10:3:0*10:10:0:0*28:2:2:0*26:13:1:0*45:6:3:0*23:10:1:0*12:12:0:0*32:6:2:0*25:12:1:0*1:1:0:0*4:4:0:0*41:2:3:0,1:40:-104*2:39:-1*3:-1:-1*3:-1:-1*3:-1:-1*3:-1:-1*3:-1:-1*3:-1:-1*1:27:-103*3:-1:-1*3:-1:-1*3:-1:-1*3:-1:-1*3:-1:-1*3:-1:-1*1:20:34*3:-1:-1*3:-1:-1*3:-1:-1*1:28:27*3:-1:-1*3:-1:-1*3:-1:-1*3:-1:-1*1:12:39*3:-1:-1*1:32:20*3:-1:-1*1:25:52*3:-1:-1*1:1:-102*3:-1:-1*3:-1:-1*1:41:40*1:31:6*1:52:-105*2:2:-1*1:2:1*2:50:-1*1:3:2*2:51:-1*1:50:25*2:46:-1*1:6:46*2:30:-1*1:4:31*1:23:50*6:-1:-1*3:-1:-1*1:29:4*1:15:29*2:14:-1*1:14:-101*2:38:-1*1:15:14*1:29:28*1:4:3*1:30:29*2:13:-1*1:31:30*1:32:31*3:-1:-1*1:16:15*1:38:13*2:42:-1*1:42:41*2:21:-1*1:46:21*2:33:-1*1:33:32*2:37:-1*1:37:12*1:39:-110*2:43:-1*1:43:42*2:17:-1*1:17:16*3:-1:-1*3:-1:-1*3:-1:-1*1:18:17*3:-1:-1*3:-1:-1*1:24:51*3:-1:-1*3:-1:-1*3:-1:-1*1:5:4*1:6:5*1:13:-108*2:36:-1*1:36:24*2:47:-1*1:20:47*1:34:33*2:8:-1*1:9:36*1:47:9*2:44:-1*1:44:43*2:7:-1*1:7:6*1:8:7*2:19:-1*1:19:18*1:20:19*1:48:23*3:-1:-1*3:-1:-1*3:-1:-1*1:26:-107*3:-1:-1*1:45:44*1:46:45*1:47:46*1:48:47*1:9:8*1:21:20*1:10:9*1:49:48*1:11:10*1:35:34*1:36:35*1:37:36*1:38:37*1:12:11*1:13:12*1:39:38*1:22:21*1:23:22*1:50:49*1:24:23*1:25:24*1:51:50*1:52:51*1:26:25,Minimal,52,114,2,2000203,00:01:21.3138610,2
100080,1,'034063101133113051022121031082084071091114104131061052124024042044054103012111023033092043112053122073081083093032041064132074123062094102013014072134011021',+3S*6H*+QC*TC*3C*+JS*KH*8D*TS*+QS*JH*8S*KC*2S*+5S*5C*7C*6C*4D*TH*+JC*2D*9C*5D*4S*AD*2H*+3H*9D*4H*JD*5H*QD*7H*8C*8H*9H*3D*4C*6S*KD*7S*QH*6D*9S*TD*AH*AS*7D*KS*AC*2C,42:3:3:1*19:6:1:0*38:12:2:1*36:10:2:0*29:3:2:0*50:11:3:1*26:13:1:0*8:8:0:0*49:10:3:0*51:12:3:1*24:11:1:0*47:8:3:0*39:13:2:0*41:2:3:0*44:5:3:1*31:5:2:0*33:7:2:0*32:6:2:0*4:4:0:0*23:10:1:0*37:11:2:1*2:2:0:0*35:9:2:0*5:5:0:0*43:4:3:0*1:1:0:0*15:2:1:0*16:3:1:1*9:9:0:0*17:4:1:0*11:11:0:0*18:5:1:0*12:12:0:0*20:7:1:0*34:8:2:0*21:8:1:0*22:9:1:0*3:3:0:0*30:4:2:0*45:6:3:0*13:13:0:0*46:7:3:0*25:12:1:0*6:6:0:0*48:9:3:0*10:10:0:0*14:1:1:0*40:1:3:0*7:7:0:0*52:13:3:0*27:1:2:0*28:2:2:0,3:-1:-1*3:-1:-1*1:17:44*1:42:17*3:-1:-1*1:11:51*3:-1:-1*3:-1:-1*3:-1:-1*3:-1:-1*3:-1:-1*3:-1:-1*3:-1:-1*3:-1:-1*3:-1:-1*3:-1:-1*1:13:-105*1:38:13*2:19:-1*1:44:19*2:41:-1*1:41:16*2:39:-1*3:-1:-1*3:-1:-1*1:25:39*3:-1:-1*3:-1:-1*3:-1:-1*1:10:50*3:-1:-1*1:14:-101*3:-1:-1*1:40:-104*1:41:40*1:42:41*1:48:10*3:-1:-1*3:-1:-1*3:-1:-1*1:27:-103*3:-1:-1*1:28:27*1:50:25*2:29:-1*1:29:28*2:36:-1*1:36:11*1:52:-107*6:-1:-1*3:-1:-1*3:-1:-1*3:-1:-1*1:12:52*3:-1:-1*3:-1:-1*3:-1:-1*1:21:48*3:-1:-1*1:22:36*1:34:22*1:20:34*3:-1:-1*3:-1:-1*1:30:29*3:-1:-1*1:45:20*3:-1:-1*1:46:21*3:-1:-1*3:-1:-1*6:-1:-1*3:-1:-1*3:-1:-1*1:18:45*1:30:18*1:16:30*2:15:-1*1:15:14*2:1:-1*1:1:-102*2:43:-1*1:16:15*1:17:16*1:30:29*1:18:17*1:43:42*2:5:-1*1:44:43*1:19:18*1:37:12*2:23:-1*1:39:-106*2:47:-1*1:5:45*2:35:-1*1:23:37*2:4:-1*1:35:23*2:2:-1*1:2:1*3:-1:-1*1:3:2*1:4:3*2:32:-1*1:5:4*1:45:44*1:46:45*1:47:46*2:24:-1*3:-1:-1*1:6:5*3:-1:-1*1:7:6*1:32:20*2:33:-1*1:33:21*2:31:-1*1:31:30*1:32:31*1:33:32*1:20:19*1:21:20*1:48:47*1:34:33*1:35:34*1:22:21*1:23:22*1:36:35*1:37:36*1:38:37*1:24:23*1:51:13*2:49:-1*1:49:48*2:8:-1*1:8:7*2:26:-1*1:9:8*1:10:9*1:11:10*1:50:49*1:51:50*1:25:24*1:39:38*1:12:11*1:13:12*1:52:51*1:26:25,Minimal,52,126,3,723754,00:00:26.3082834,4
100090,1,'122081024012104033061071111034062051084011064032014072054103042092052132101022094082123074124131073063053083041133112134043023114102091093013021121113031044',+QD*8C*+7C*2S*JC*+AC*AD*3S*6S*+5S*TS*6D*3D*TH*+5D*3H*5C*AS*4D*KD*+2D*6C*8S*7D*9D*TC*9S*+8D*QH*7S*QS*KC*7H*6H*5H*8H*4C*KH*JD*KS*4H*2H*JS*TD*9C*9H*AH*2C*QC*JH*3C*4S,12:12:0:1*34:8:2:0*33:7:2:1*41:2:3:0*37:11:2:0*27:1:2:1*1:1:0:0*42:3:3:0*45:6:3:0*44:5:3:1*49:10:3:0*6:6:0:0*3:3:0:0*23:10:1:0*5:5:0:1*16:3:1:0*31:5:2:0*40:1:3:0*4:4:0:0*13:13:0:0*2:2:0:1*32:6:2:0*47:8:3:0*7:7:0:0*9:9:0:0*36:10:2:0*48:9:3:0*8:8:0:1*25:12:1:0*46:7:3:0*51:12:3:0*39:13:2:0*20:7:1:0*19:6:1:0*18:5:1:0*21:8:1:0*30:4:2:0*26:13:1:0*11:11:0:0*52:13:3:0*17:4:1:0*15:2:1:0*50:11:3:0*10:10:0:0*35:9:2:0*22:9:1:0*14:1:1:0*28:2:2:0*38:12:2:0*24:11:1:0*29:3:2:0*43:4:3:0,1:27:-103*2:37:-1*1:33:8*2:34:-1*3:-1:-1*3:-1:-1*3:-1:-1*3:-1:-1*3:-1:-1*1:20:34*3:-1:-1*1:19:33*3:-1:-1*3:-1:-1*3:-1:-1*3:-1:-1*3:-1:-1*3:-1:-1*3:-1:-1*3:-1:-1*3:-1:-1*1:50:12*3:-1:-1*1:10:50*1:44:19*2:45:-1*1:5:45*2:23:-1*3:-1:-1*1:35:10*3:-1:-1*3:-1:-1*1:14:-101*3:-1:-1*1:28:27*1:8:35*2:48:-1*1:48:23*2:36:-1*1:22:36*1:15:14*1:45:20*2:42:-1*1:34:22*1:2:42*2:13:-1*1:13:-106*2:4:-1*1:42:4*2:1:-1*1:1:-102*1:2:1*1:4:44*2:40:-1*1:40:-104*2:31:-1*1:23:37*2:3:-1*1:3:2*2:6:-1*1:31:6*2:16:-1*1:16:15*1:17:16*1:52:-108*3:-1:-1*1:38:13*1:11:38*1:26:-110*1:30:5*1:21:48*1:18:17*1:36:11*2:9:-1*1:12:52*1:39:-105*1:51:26*1:46:21*1:25:39*1:37:25*2:41:-1*1:41:40*1:42:41*1:4:3*3:-1:-1*3:-1:-1*1:29:28*1:30:29*1:5:4*1:31:30*1:6:5*2:49:-1*1:9:49*2:7:-1*1:7:6*2:47:-1*3:-1:-1*1:43:42*1:44:43*1:45:44*1:46:45*1:19:18*1:20:19*1:21:20*1:47:46*2:32:-1*1:32:31*1:33:32*1:48:47*1:34:33*1:22:21*1:8:7*1:23:22*1:35:34*1:36:35*1:9:8*1:37:36*1:10:9*1:11:10*1:49:48*1:38:37*1:50:49*1:12:11*1:51:50*1:13:12*1:52:51*1:24:23*1:25:24*1:39:38*1:26:25,Minimal,52,109,1,1646266,00:00:32.8583074,3
100100,1,'113021024073053061084093031064131043123063092032011111122121054114102044133034134071042101052112124081082033022023062072012014091083104074132094041013103051',+JH*2C*+9H*2S*3C*+6H*7H*6S*9D*+QD*5H*KC*3D*QC*+TD*6C*4H*AC*5S*4S*+3S*8S*QH*JC*JS*KH*KS*+7C*4D*TC*5D*JD*QS*8C*8D*3H*2D*2H*6D*7D*AD*AS*9C*8H*TS*7S*KD*9S*4C*AH*TH*5C,24:11:1:1*28:2:2:0*22:9:1:1*41:2:3:0*29:3:2:0*19:6:1:1*20:7:1:0*45:6:3:0*9:9:0:0*12:12:0:1*18:5:1:0*39:13:2:0*3:3:0:0*38:12:2:0*10:10:0:1*32:6:2:0*17:4:1:0*27:1:2:0*44:5:3:0*43:4:3:0*42:3:3:1*47:8:3:0*25:12:1:0*37:11:2:0*50:11:3:0*26:13:1:0*52:13:3:0*33:7:2:1*4:4:0:0*36:10:2:0*5:5:0:0*11:11:0:0*51:12:3:0*34:8:2:0*8:8:0:0*16:3:1:0*2:2:0:0*15:2:1:0*6:6:0:0*7:7:0:0*1:1:0:0*40:1:3:0*35:9:2:0*21:8:1:0*49:10:3:0*46:7:3:0*13:13:0:0*48:9:3:0*30:4:2:0*14:1:1:0*23:10:1:0*31:5:2:0,3:-1:-1*3:-1:-1*1:36:24*1:22:36*2:28:-1*1:19:33*2:29:-1*3:-1:-1*3:-1:-1*3:-1:-1*3:-1:-1*1:34:22*3:-1:-1*3:-1:-1*3:-1:-1*1:2:42*3:-1:-1*1:15:29*3:-1:-1*3:-1:-1*3:-1:-1*1:1:-102*1:2:1*1:7:34*3:-1:-1*1:40:-104*3:-1:-1*1:35:10*3:-1:-1*1:21:35*3:-1:-1*3:-1:-1*3:-1:-1*3:-1:-1*3:-1:-1*3:-1:-1*1:14:-101*1:15:14*3:-1:-1*3:-1:-1*1:31:19*6:-1:-1*3:-1:-1*1:4:31*1:29:4*2:41:-1*1:41:40*1:42:41*2:43:-1*1:43:42*2:44:-1*1:44:43*2:27:-1*1:27:-103*2:17:-1*1:28:27*1:29:28*1:33:21*2:52:-1*1:52:-106*2:26:-1*1:26:-107*2:50:-1*1:10:50*2:38:-1*1:38:26*2:3:-1*1:3:2*2:39:-1*1:4:3*1:12:52*2:9:-1*3:-1:-1*1:5:4*3:-1:-1*3:-1:-1*3:-1:-1*3:-1:-1*1:16:15*1:17:16*2:32:-1*3:-1:-1*1:6:5*1:7:6*1:8:7*1:9:8*2:45:-1*1:45:44*2:20:-1*3:-1:-1*3:-1:-1*1:46:45*3:-1:-1*3:-1:-1*3:-1:-1*1:30:29*1:31:30*1:32:31*1:39:-110*2:18:-1*1:18:17*1:19:18*1:20:19*1:33:32*1:34:33*1:21:20*1:22:21*1:35:34*1:36:35*1:10:9*1:50:12*2:37:-1*1:37:36*2:25:-1*1:38:37*1:39:38*3:-1:-1*1:23:22*1:24:23*1:25:24*2:47:-1*1:47:46*1:26:25*1:48:47*1:13:-105*1:49:48*1:50:49*1:51:50*1:11:10*1:12:11*1:13:12*1:52:51,Minimal,52,110,2,119086,00:00:02.7964924,4
100110,1,'061093042114101113094032051083044043064131033072053112071111063082022073062014054084123122134041021081074052011133012103121124091102092013034023104024132031',+6C*9H*+3D*4D*5C*+KC*JS*8H*3H*+7C*TC*4S*7D*JC*+2D*JH*4H*5H*6H*7H*+AS*9S*6S*JD*8D*6D*5S*+8S*QH*QD*KS*4C*2C*8C*7S*5D*AC*KH*AD*TH*QC*QS*9C*TD*9D*AH*3S*2H*TS*2S*KD*3C,32:6:2:1*22:9:1:0*3:3:0:1*4:4:0:0*31:5:2:0*39:13:2:1*50:11:3:0*21:8:1:0*16:3:1:0*33:7:2:1*36:10:2:0*43:4:3:0*7:7:0:0*37:11:2:0*2:2:0:1*24:11:1:0*17:4:1:0*18:5:1:0*19:6:1:0*20:7:1:0*40:1:3:1*48:9:3:0*45:6:3:0*11:11:0:0*8:8:0:0*6:6:0:0*44:5:3:0*47:8:3:1*25:12:1:0*12:12:0:0*52:13:3:0*30:4:2:0*28:2:2:0*34:8:2:0*46:7:3:0*5:5:0:0*27:1:2:0*26:13:1:0*1:1:0:0*23:10:1:0*38:12:2:0*51:12:3:0*35:9:2:0*10:10:0:0*9:9:0:0*14:1:1:0*42:3:3:0*15:2:1:0*49:10:3:0*41:2:3:0*13:13:0:0*29:3:2:0,1:40:-104*2:20:-1*1:20:47*2:19:-1*1:19:33*2:18:-1*1:18:32*2:17:-1*3:-1:-1*3:-1:-1*1:12:39*3:-1:-1*3:-1:-1*1:30:18*3:-1:-1*1:28:3*3:-1:-1*3:-1:-1*3:-1:-1*3:-1:-1*1:27:-103*1:28:27*3:-1:-1*3:-1:-1*1:1:-102*1:2:1*2:37:-1*1:3:2*2:22:-1*1:32:20*1:39:-105*2:31:-1*1:31:19*2:4:-1*1:4:3*1:26:-107*1:5:4*1:37:12*2:7:-1*1:47:22*2:44:-1*3:-1:-1*1:23:37*3:-1:-1*1:38:26*3:-1:-1*3:-1:-1*1:35:23*3:-1:-1*3:-1:-1*3:-1:-1*1:14:-101*3:-1:-1*3:-1:-1*1:15:14*3:-1:-1*3:-1:-1*1:41:40*3:-1:-1*3:-1:-1*1:29:28*1:30:29*1:31:30*1:44:19*2:6:-1*1:6:5*2:8:-1*1:7:6*2:43:-1*1:33:8*2:16:-1*1:16:15*2:21:-1*1:17:16*2:24:-1*1:18:17*1:32:31*1:24:38*1:13:-110*1:49:24*1:42:41*1:43:42*2:36:-1*1:44:43*1:19:18*1:20:19*1:33:32*1:21:20*2:50:-1*1:8:7*2:11:-1*1:9:8*1:10:9*1:11:10*2:45:-1*1:45:44*2:48:-1*1:51:13*1:46:45*1:47:46*1:22:21*1:48:47*1:49:48*1:50:49*1:51:50*1:34:33*1:35:34*1:23:22*1:24:23*1:36:35*1:37:36*1:12:11*1:38:37*1:39:38*1:13:12*1:52:51*1:25:24*1:26:25,Minimal,52,97,1,812391,00:00:19.7267828,2
100120,1,'064011094104123082052053101134114042093091081062063071111013131034032073023083044132133033024021043072121092113102122103014041112054022074031061084012124051',+6S*AC*+5H*9S*TC*+9C*TS*KS*8C*+JC*QH*JS*6D*AH*+3D*8D*4D*6H*KC*7H*+8H*5D*9H*7C*3S*2H*4S*+KD*KH*3H*2S*2C*4H*7D*QC*9D*JH*TD*QD*TH*AS*4C*JD*5S*2D*7S*3C*6C*8S*AD*QS*5C,45:6:3:1*27:1:2:0*18:5:1:1*48:9:3:0*36:10:2:0*35:9:2:1*49:10:3:0*52:13:3:0*34:8:2:0*37:11:2:1*25:12:1:0*50:11:3:0*6:6:0:0*14:1:1:0*3:3:0:1*8:8:0:0*4:4:0:0*19:6:1:0*39:13:2:0*20:7:1:0*21:8:1:1*5:5:0:0*22:9:1:0*33:7:2:0*42:3:3:0*15:2:1:0*43:4:3:0*13:13:0:1*26:13:1:0*16:3:1:0*41:2:3:0*28:2:2:0*17:4:1:0*7:7:0:0*38:12:2:0*9:9:0:0*24:11:1:0*10:10:0:0*12:12:0:0*23:10:1:0*40:1:3:0*30:4:2:0*11:11:0:0*44:5:3:0*2:2:0:0*46:7:3:0*29:3:2:0*32:6:2:0*47:8:3:0*1:1:0:0*51:12:3:0*31:5:2:0,1:18:45*2:27:-1*1:27:-103*1:13:-106*2:43:-1*1:3:43*2:14:-1*1:14:-101*2:6:-1*1:43:18*2:15:-1*1:15:14*2:42:-1*3:-1:-1*3:-1:-1*1:16:15*3:-1:-1*3:-1:-1*1:28:27*3:-1:-1*1:17:16*1:41:3*3:-1:-1*3:-1:-1*3:-1:-1*3:-1:-1*3:-1:-1*3:-1:-1*3:-1:-1*3:-1:-1*1:40:-104*1:41:40*3:-1:-1*3:-1:-1*3:-1:-1*1:44:6*3:-1:-1*1:2:42*1:21:35*2:20:-1*3:-1:-1*3:-1:-1*1:29:28*3:-1:-1*1:32:20*3:-1:-1*3:-1:-1*1:1:-102*1:2:1*1:3:2*1:42:41*2:33:-1*1:43:42*1:18:17*1:44:43*1:45:44*1:33:21*2:22:-1*1:47:22*1:46:45*3:-1:-1*1:51:13*1:11:51*1:30:29*3:-1:-1*1:31:30*1:32:31*1:33:32*1:20:47*2:39:-1*1:39:-105*2:19:-1*1:19:18*2:4:-1*1:4:3*2:8:-1*1:20:19*1:21:20*1:47:46*1:22:21*2:5:-1*1:5:4*1:6:5*2:50:-1*1:23:22*1:12:39*1:37:12*2:34:-1*1:34:33*2:52:-1*1:35:34*2:36:-1*1:36:35*2:48:-1*1:37:36*1:48:47*1:10:50*1:24:23*1:52:-107*2:49:-1*1:9:49*1:38:37*1:7:6*1:8:7*1:9:8*1:49:48*1:10:9*1:11:10*1:12:11*1:50:49*2:25:-1*1:39:38*1:51:50*1:13:12*1:52:51*1:25:24*1:26:25,Minimal,52,96,1,117958,00:00:02.8254349,3
100130,1,'132122041121112103073134061083081091051011012133104044114074093031064131062042023052022094084092071021111101072113033014082043013054102053034024032123124063',+KD*QD*+KS*4C*6C*+AC*QC*8H*AD*+JS*JD*8C*KH*7S*+6S*TH*9C*TS*9H*KC*+4D*7H*5C*4S*3C*6D*2H*+5D*2D*9S*8S*9D*7C*2C*JC*TC*7D*JH*3H*AS*8D*4H*AH*5S*TD*5H*3S*2S*3D*QH*QS*6H,13:13:0:1*12:12:0:0*52:13:3:1*30:4:2:0*32:6:2:0*27:1:2:1*38:12:2:0*21:8:1:0*1:1:0:0*50:11:3:1*11:11:0:0*34:8:2:0*26:13:1:0*46:7:3:0*45:6:3:1*23:10:1:0*35:9:2:0*49:10:3:0*22:9:1:0*39:13:2:0*4:4:0:1*20:7:1:0*31:5:2:0*43:4:3:0*29:3:2:0*6:6:0:0*15:2:1:0*5:5:0:1*2:2:0:0*48:9:3:0*47:8:3:0*9:9:0:0*33:7:2:0*28:2:2:0*37:11:2:0*36:10:2:0*7:7:0:0*24:11:1:0*16:3:1:0*40:1:3:0*8:8:0:0*17:4:1:0*14:1:1:0*44:5:3:0*10:10:0:0*18:5:1:0*42:3:3:0*41:2:3:0*3:3:0:0*25:12:1:0*51:12:3:0*19:6:1:0,1:27:-103*2:32:-1*3:-1:-1*3:-1:-1*3:-1:-1*3:-1:-1*3:-1:-1*3:-1:-1*1:28:27*3:-1:-1*3:-1:-1*3:-1:-1*3:-1:-1*3:-1:-1*3:-1:-1*1:40:-104*3:-1:-1*3:-1:-1*3:-1:-1*1:14:-101*1:5:32*2:15:-1*1:15:14*2:6:-1*3:-1:-1*1:44:6*3:-1:-1*1:10:50*3:-1:-1*3:-1:-1*3:-1:-1*1:41:40*1:42:41*3:-1:-1*3:-1:-1*1:25:52*1:50:25*2:1:-1*1:1:-102*2:21:-1*3:-1:-1*1:51:13*3:-1:-1*6:-1:-1*3:-1:-1*1:2:1*3:-1:-1*3:-1:-1*3:-1:-1*3:-1:-1*1:33:21*1:6:33*2:29:-1*1:29:28*2:43:-1*1:43:42*2:31:-1*1:44:43*1:45:44*2:46:-1*1:46:45*2:26:-1*1:31:6*2:20:-1*1:32:20*2:30:-1*1:30:29*1:31:30*1:26:-107*2:34:-1*3:-1:-1*3:-1:-1*3:-1:-1*1:7:34*3:-1:-1*3:-1:-1*1:16:15*3:-1:-1*3:-1:-1*1:17:16*3:-1:-1*1:18:17*3:-1:-1*1:3:2*1:4:3*2:39:-1*1:5:4*1:6:5*1:7:6*1:32:31*1:33:32*1:34:33*2:11:-1*1:8:7*3:-1:-1*1:19:18*1:20:19*1:21:20*2:38:-1*1:39:-111*2:22:-1*1:22:21*2:49:-1*1:49:11*2:35:-1*1:35:34*2:23:-1*1:23:22*1:24:23*1:36:35*1:37:36*1:38:37*1:39:38*1:9:8*1:10:9*1:47:46*1:48:47*1:49:48*1:50:49*1:51:50*1:25:24*1:11:10*1:52:51*2:12:-1*1:12:11*1:13:12*1:26:25,Minimal,52,105,2,53296,00:00:01.1861193,3
100140,1,'104032082103042134051124043021014072054052074013061053071121063084034031132091081114083123022012101111122024033092131112073023064011102044041094062113133093',+TS*3D*+QS*8D*4H*+5D*TH*2C*7S*+7C*4D*AS*AH*QC*+3S*KS*7D*6C*6H*3C*+9C*5C*5S*5H*8S*KD*8C*+JS*8H*QH*2D*AD*TC*JC*QD*2S*3H*9D*KC*JD*7H*2H*6S*AC*TD*4S*4C*9S*6D*JH*KH*9H,49:10:3:1*3:3:0:0*51:12:3:1*8:8:0:0*17:4:1:0*5:5:0:1*23:10:1:0*28:2:2:0*46:7:3:0*33:7:2:1*4:4:0:0*40:1:3:0*14:1:1:0*38:12:2:0*42:3:3:1*52:13:3:0*7:7:0:0*32:6:2:0*19:6:1:0*29:3:2:0*35:9:2:1*31:5:2:0*44:5:3:0*18:5:1:0*47:8:3:0*13:13:0:0*34:8:2:0*50:11:3:1*21:8:1:0*25:12:1:0*2:2:0:0*1:1:0:0*36:10:2:0*37:11:2:0*12:12:0:0*41:2:3:0*16:3:1:0*9:9:0:0*39:13:2:0*11:11:0:0*20:7:1:0*15:2:1:0*45:6:3:0*27:1:2:0*10:10:0:0*43:4:3:0*30:4:2:0*48:9:3:0*6:6:0:0*24:11:1:0*26:13:1:0*22:9:1:0,3:-1:-1*1:21:35*3:-1:-1*3:-1:-1*3:-1:-1*1:1:-102*1:2:1*3:-1:-1*3:-1:-1*3:-1:-1*3:-1:-1*3:-1:-1*3:-1:-1*1:9:49*3:-1:-1*3:-1:-1*1:11:51*1:49:11*1:39:-105*3:-1:-1*3:-1:-1*1:15:42*3:-1:-1*3:-1:-1*1:27:-103*3:-1:-1*1:10:50*3:-1:-1*3:-1:-1*3:-1:-1*1:48:10*3:-1:-1*1:6:33*3:-1:-1*3:-1:-1*3:-1:-1*6:-1:-1*3:-1:-1*3:-1:-1*3:-1:-1*3:-1:-1*1:12:39*1:50:12*2:34:-1*1:33:21*2:46:-1*1:34:9*2:13:-1*3:-1:-1*3:-1:-1*3:-1:-1*1:20:34*3:-1:-1*1:45:20*1:5:45*2:17:-1*1:42:17*2:38:-1*1:38:13*2:14:-1*1:14:-101*2:40:-1*1:15:14*1:40:-104*2:4:-1*1:16:15*1:41:40*1:42:41*1:17:16*2:8:-1*3:-1:-1*1:43:42*1:46:8*2:28:-1*1:28:27*2:23:-1*1:35:23*2:29:-1*1:29:28*2:19:-1*3:-1:-1*1:30:29*1:8:48*3:-1:-1*3:-1:-1*1:26:-107*1:51:26*2:3:-1*1:3:2*1:4:3*1:5:4*1:6:5*1:13:-106*2:47:-1*1:24:38*3:-1:-1*6:-1:-1*3:-1:-1*3:-1:-1*1:36:24*3:-1:-1*3:-1:-1*1:22:36*1:47:22*2:18:-1*1:18:17*2:44:-1*1:19:18*2:32:-1*1:44:43*2:31:-1*1:45:44*1:31:30*1:46:45*1:20:19*1:32:31*2:7:-1*1:47:46*1:33:32*1:34:33*1:21:20*1:7:6*2:52:-1*1:8:7*1:48:47*1:22:21*1:9:8*1:10:9*1:49:48*1:35:34*1:50:49*1:36:35*1:11:10*1:23:22*1:12:11*1:24:23*1:51:50*1:52:51*1:37:36*1:38:37*1:39:38*1:13:12*1:25:24*1:26:25,Minimal,52,121,3,1404755,00:00:31.1906439,1
100150,1,'104123031101124131093043012041014053113094112134133052122024033063074073083071121021034111023061103064042092082054114102032044072062084051132011091081013022',+TS*QH*+4H*3C*AD*+9S*TC*4C*JD*+QD*QS*AS*KS*2S*+7S*KC*5H*KH*3H*7H*+7C*9H*JH*5D*6H*8H*QC*+2C*3S*JC*2H*6C*TH*6S*4D*9D*8D*5S*JS*TD*3D*4S*7D*6D*8S*5C*KD*AC*9C*8C*AH*2D,49:10:3:1*25:12:1:0*17:4:1:1*29:3:2:0*1:1:0:0*48:9:3:1*36:10:2:0*30:4:2:0*11:11:0:0*12:12:0:1*51:12:3:0*40:1:3:0*52:13:3:0*41:2:3:0*46:7:3:1*39:13:2:0*18:5:1:0*26:13:1:0*16:3:1:0*20:7:1:0*33:7:2:1*22:9:1:0*24:11:1:0*5:5:0:0*19:6:1:0*21:8:1:0*38:12:2:0*28:2:2:1*42:3:3:0*37:11:2:0*15:2:1:0*32:6:2:0*23:10:1:0*45:6:3:0*4:4:0:0*9:9:0:0*8:8:0:0*44:5:3:0*50:11:3:0*10:10:0:0*3:3:0:0*43:4:3:0*7:7:0:0*6:6:0:0*47:8:3:0*31:5:2:0*13:13:0:0*27:1:2:0*35:9:2:0*34:8:2:0*14:1:1:0*2:2:0:0,3:-1:-1*1:42:17*3:-1:-1*3:-1:-1*1:15:42*3:-1:-1*3:-1:-1*3:-1:-1*3:-1:-1*3:-1:-1*1:9:49*3:-1:-1*3:-1:-1*3:-1:-1*1:50:12*3:-1:-1*1:10:50*3:-1:-1*3:-1:-1*3:-1:-1*3:-1:-1*1:6:33*3:-1:-1*1:47:9*3:-1:-1*3:-1:-1*3:-1:-1*1:27:-103*1:28:27*2:38:-1*1:48:10*2:1:-1*1:1:-102*2:29:-1*1:29:28*1:13:-107*1:38:13*2:21:-1*1:46:21*2:41:-1*1:21:48*2:19:-1*1:31:19*1:7:47*1:19:46*2:5:-1*1:43:5*1:3:43*1:41:3*2:52:-1*1:44:6*3:-1:-1*3:-1:-1*3:-1:-1*1:14:-101*1:15:14*1:12:52*2:11:-1*3:-1:-1*1:2:1*1:49:11*1:52:-105*2:40:-1*1:40:-104*2:51:-1*1:41:40*1:42:41*1:3:2*1:43:42*1:44:43*1:11:38*2:30:-1*1:30:29*2:36:-1*1:31:30*6:-1:-1*3:-1:-1*3:-1:-1*1:32:31*3:-1:-1*3:-1:-1*1:45:44*3:-1:-1*1:4:3*1:5:4*2:24:-1*1:6:5*1:7:6*1:33:32*2:20:-1*1:20:47*2:16:-1*1:16:15*2:26:-1*1:17:16*2:25:-1*3:-1:-1*1:8:7*3:-1:-1*3:-1:-1*1:34:33*1:35:34*1:36:35*1:26:-108*2:18:-1*1:18:17*2:39:-1*1:19:18*1:46:45*1:20:19*1:21:20*1:47:46*1:48:47*1:9:8*1:10:9*1:49:48*1:50:49*1:11:10*1:12:11*1:51:50*1:52:51*1:24:38*2:22:-1*1:22:21*1:23:22*1:24:23*1:25:24*1:26:25*1:37:36*1:38:37*1:13:12*1:39:38,Minimal,52,110,2,399713,00:00:08.5145038,1
100160,1,'031082043041064073122132112103072131061024114051071053083033133104101091052111134063094113012022062014124021092121023054032074084081123034011102044093042013',+3C*8D*+KD*4H*JD*+2S*4C*TH*JS*+8H*6S*7D*5C*3H*+TC*7H*KC*7C*KH*9C*+JC*QD*6C*5H*TS*5D*KS*+6H*9S*JH*AD*2D*6D*AS*QS*2C*9D*QC*2H*5S*3D*7S*8S*8C*QH*3S*AC*TD*4S*9H*4D*AH,29:3:2:1*8:8:0:0*13:13:0:1*17:4:1:0*11:11:0:0*41:2:3:1*30:4:2:0*23:10:1:0*50:11:3:0*21:8:1:1*45:6:3:0*7:7:0:0*31:5:2:0*16:3:1:0*36:10:2:1*20:7:1:0*39:13:2:0*33:7:2:0*26:13:1:0*35:9:2:0*37:11:2:1*12:12:0:0*32:6:2:0*18:5:1:0*49:10:3:0*5:5:0:0*52:13:3:0*19:6:1:1*48:9:3:0*24:11:1:0*1:1:0:0*2:2:0:0*6:6:0:0*40:1:3:0*51:12:3:0*28:2:2:0*9:9:0:0*38:12:2:0*15:2:1:0*44:5:3:0*3:3:0:0*46:7:3:0*47:8:3:0*34:8:2:0*25:12:1:0*42:3:3:0*27:1:2:0*10:10:0:0*43:4:3:0*22:9:1:0*4:4:0:0*14:1:1:0,3:-1:-1*3:-1:-1*3:-1:-1*1:1:-102*3:-1:-1*1:2:1*3:-1:-1*3:-1:-1*1:40:-104*1:41:40*2:11:-1*1:36:11*2:16:-1*3:-1:-1*3:-1:-1*1:28:16*3:-1:-1*1:9:36*3:-1:-1*3:-1:-1*3:-1:-1*3:-1:-1*1:3:2*3:-1:-1*1:46:21*3:-1:-1*1:47:9*3:-1:-1*3:-1:-1*3:-1:-1*1:42:41*3:-1:-1*1:27:-103*1:28:27*1:29:28*1:19:46*2:52:-1*1:52:-105*2:5:-1*1:25:52*3:-1:-1*3:-1:-1*1:43:42*3:-1:-1*3:-1:-1*1:4:3*1:5:4*2:49:-1*3:-1:-1*1:14:-101*1:22:49*1:10:37*1:34:22*1:44:43*1:15:14*1:16:15*2:31:-1*1:37:25*2:35:-1*1:35:10*2:26:-1*1:38:13*1:51:26*1:6:5*1:21:35*2:50:-1*1:31:19*2:7:-1*1:7:6*2:45:-1*1:45:44*1:13:-109*2:8:-1*1:8:7*1:26:-106*2:33:-1*1:19:33*1:46:45*1:47:46*1:9:8*1:11:51*2:17:-1*1:17:16*1:24:38*1:48:47*1:22:36*1:49:48*2:18:-1*1:18:17*2:32:-1*1:50:49*2:23:-1*1:35:23*1:10:9*1:23:37*2:30:-1*1:30:29*1:31:30*1:19:18*1:32:31*2:12:-1*1:33:32*2:39:-1*1:34:33*1:39:-107*2:20:-1*1:20:19*1:21:20*1:35:34*1:22:21*1:23:22*1:36:35*1:37:36*1:11:10*1:51:50*1:24:23*1:25:24*1:52:51*1:26:25*1:38:37*1:39:38*1:12:11*1:13:12,Minimal,52,102,1,5785080,00:02:31.8901980,2
100170,1,'052092083072082094084121101134061111091041081093122133071021051073044132131074064124012014112011031034024063043123104042113033032062022054114103102013023053',+5D*9D*+QC*8H*TC*+4C*7D*KS*8C*+7C*8D*6C*9H*2C*+4S*9S*JC*QD*5C*KD*+7S*8S*9C*KH*7H*KC*6S*+QS*AD*AS*JD*AC*3C*3S*2S*6H*4H*QH*TS*4D*JH*3H*3D*6D*2D*5S*JS*TH*TD*AH*2H*5H,5:5:0:1*9:9:0:0*38:12:2:1*21:8:1:0*36:10:2:0*30:4:2:1*7:7:0:0*52:13:3:0*34:8:2:0*33:7:2:1*8:8:0:0*32:6:2:0*22:9:1:0*28:2:2:0*43:4:3:1*48:9:3:0*37:11:2:0*12:12:0:0*31:5:2:0*13:13:0:0*46:7:3:1*47:8:3:0*35:9:2:0*26:13:1:0*20:7:1:0*39:13:2:0*45:6:3:0*51:12:3:1*1:1:0:0*40:1:3:0*11:11:0:0*27:1:2:0*29:3:2:0*42:3:3:0*41:2:3:0*19:6:1:0*17:4:1:0*25:12:1:0*49:10:3:0*4:4:0:0*24:11:1:0*16:3:1:0*3:3:0:0*6:6:0:0*2:2:0:0*44:5:3:0*50:11:3:0*23:10:1:0*10:10:0:0*14:1:1:0*15:2:1:0*18:5:1:0,3:-1:-1*1:1:-102*3:-1:-1*1:40:-104*3:-1:-1*3:-1:-1*1:27:-103*3:-1:-1*3:-1:-1*3:-1:-1*1:41:40*1:42:41*1:43:42*2:28:-1*1:28:27*2:22:-1*1:29:28*1:30:29*2:36:-1*1:11:51*3:-1:-1*3:-1:-1*3:-1:-1*3:-1:-1*3:-1:-1*3:-1:-1*3:-1:-1*3:-1:-1*3:-1:-1*1:6:33*3:-1:-1*1:2:1*1:3:2*3:-1:-1*1:44:43*1:36:11*2:21:-1*1:46:21*2:13:-1*1:51:13*2:45:-1*1:45:44*2:39:-1*1:46:45*1:22:36*2:32:-1*1:5:32*1:13:-105*2:31:-1*1:31:30*2:12:-1*1:12:39*2:37:-1*3:-1:-1*1:50:12*3:-1:-1*1:23:37*3:-1:-1*1:10:50*3:-1:-1*1:14:-101*3:-1:-1*1:15:14*1:16:15*1:24:38*1:4:3*1:5:4*1:6:5*1:32:31*2:8:-1*1:33:32*2:34:-1*1:34:33*2:52:-1*1:49:24*1:25:52*1:17:16*3:-1:-1*1:18:17*1:19:18*1:37:25*2:48:-1*1:8:48*1:39:-109*2:20:-1*1:20:19*2:26:-1*1:21:20*1:22:21*1:23:22*1:26:-107*2:35:-1*1:35:34*2:47:-1*1:47:46*1:36:35*1:37:36*1:52:-111*2:7:-1*1:7:6*1:8:7*1:48:47*1:49:48*1:24:23*1:38:37*2:9:-1*1:9:8*1:10:9*1:11:10*1:50:49*1:51:50*1:12:11*1:13:12*1:39:38*1:25:24*1:26:25*1:52:51,Minimal,52,96,1,6038661,00:02:44.3245507,2
100180,1,'032124073111061134083113114091052092084051131101122123064132093041033063133082011021044053042112013094121024104081102071034031023054074012103022062072014043',+3D*QS*+JH*7H*JS*+5C*JC*9C*KC*+6S*6C*5D*TC*KD*+3H*KS*9D*QD*9H*6H*+8D*8H*8S*QH*4C*KH*AC*+2C*4S*5H*4D*JD*AH*9S*QC*2S*TS*8C*TD*7C*3S*3C*2H*5S*7S*AD*TH*2D*6D*7D*AS*4H,3:3:0:1*51:12:3:0*24:11:1:1*20:7:1:0*50:11:3:0*31:5:2:1*37:11:2:0*35:9:2:0*39:13:2:0*45:6:3:1*32:6:2:0*5:5:0:0*36:10:2:0*13:13:0:0*16:3:1:1*52:13:3:0*9:9:0:0*12:12:0:0*22:9:1:0*19:6:1:0*8:8:0:1*21:8:1:0*47:8:3:0*25:12:1:0*30:4:2:0*26:13:1:0*27:1:2:0*28:2:2:1*43:4:3:0*18:5:1:0*4:4:0:0*11:11:0:0*14:1:1:0*48:9:3:0*38:12:2:0*41:2:3:0*49:10:3:0*34:8:2:0*10:10:0:0*33:7:2:0*42:3:3:0*29:3:2:0*15:2:1:0*44:5:3:0*46:7:3:0*1:1:0:0*23:10:1:0*2:2:0:0*6:6:0:0*7:7:0:0*40:1:3:0*17:4:1:0,1:28:3*2:27:-1*1:27:-103*2:26:-1*1:28:27*3:-1:-1*3:-1:-1*1:18:45*1:43:18*3:-1:-1*1:4:31*3:-1:-1*3:-1:-1*1:14:-101*3:-1:-1*3:-1:-1*3:-1:-1*1:41:16*3:-1:-1*3:-1:-1*3:-1:-1*3:-1:-1*3:-1:-1*3:-1:-1*1:29:28*3:-1:-1*1:15:14*1:42:4*3:-1:-1*3:-1:-1*1:46:8*3:-1:-1*1:1:-102*3:-1:-1*3:-1:-1*1:2:1*1:3:2*1:26:-105*2:30:-1*1:30:29*2:25:-1*3:-1:-1*1:6:46*3:-1:-1*3:-1:-1*1:40:-104*1:41:40*1:42:41*1:4:3*1:43:42*1:16:15*2:13:-1*1:31:30*2:50:-1*3:-1:-1*1:17:16*1:18:17*1:50:25*2:20:-1*1:45:20*2:39:-1*1:25:39*2:47:-1*1:20:47*1:13:-107*2:36:-1*1:36:24*2:5:-1*1:5:4*2:32:-1*1:32:31*1:6:5*1:7:6*1:23:50*1:44:43*1:45:44*1:46:45*1:8:7*2:19:-1*1:19:18*2:22:-1*1:20:19*1:47:46*2:21:-1*1:21:20*1:22:21*2:12:-1*1:23:22*1:33:32*1:10:50*1:34:33*1:39:-109*2:35:-1*1:35:34*2:37:-1*1:36:35*1:37:36*1:49:24*1:38:37*1:48:47*1:49:48*1:24:23*2:51:-1*1:50:12*1:25:24*1:26:25*1:12:39*2:9:-1*1:9:8*2:52:-1*1:10:9*1:50:49*1:51:50*1:52:51*1:11:10*1:12:11*1:13:12*1:39:38,Minimal,52,97,1,501764,00:00:11.0958244,1
100190,1,'124131101092074033082024121133093014072083051104043114102081032094023012061054011021063111113034064071031022123091044053013042103132041084052112134122073062',+QS*KC*+2S*TC*QC*+8H*9D*KH*5C*+TD*7S*9H*TS*8C*+2H*3H*AS*4H*3D*AD*+5S*8D*7D*JS*9S*6C*AC*+2C*6H*JC*JH*3S*6S*7C*3C*2D*QH*9C*4S*5H*AH*4D*TH*KD*4C*8S*5D*JD*KS*QD*7H*6D,51:12:3:1*39:13:2:0*41:2:3:1*36:10:2:0*38:12:2:0*21:8:1:1*9:9:0:0*26:13:1:0*31:5:2:0*10:10:0:1*46:7:3:0*22:9:1:0*49:10:3:0*34:8:2:0*15:2:1:1*16:3:1:0*40:1:3:0*17:4:1:0*3:3:0:0*1:1:0:0*44:5:3:1*8:8:0:0*7:7:0:0*50:11:3:0*48:9:3:0*32:6:2:0*27:1:2:0*28:2:2:1*19:6:1:0*37:11:2:0*24:11:1:0*42:3:3:0*45:6:3:0*33:7:2:0*29:3:2:0*2:2:0:0*25:12:1:0*35:9:2:0*43:4:3:0*18:5:1:0*14:1:1:0*4:4:0:0*23:10:1:0*13:13:0:0*30:4:2:0*47:8:3:0*5:5:0:0*11:11:0:0*52:13:3:0*12:12:0:0*20:7:1:0*6:6:0:0,3:-1:-1*3:-1:-1*3:-1:-1*1:24:51*3:-1:-1*3:-1:-1*3:-1:-1*1:33:21*3:-1:-1*3:-1:-1*3:-1:-1*3:-1:-1*1:35:10*3:-1:-1*3:-1:-1*3:-1:-1*1:14:-101*1:15:14*2:34:-1*3:-1:-1*1:4:44*3:-1:-1*3:-1:-1*3:-1:-1*3:-1:-1*3:-1:-1*3:-1:-1*3:-1:-1*3:-1:-1*3:-1:-1*1:20:34*3:-1:-1*1:6:33*1:44:6*2:1:-1*1:1:-102*2:3:-1*1:28:3*2:27:-1*1:27:-103*2:32:-1*1:28:27*6:-1:-1*3:-1:-1*3:-1:-1*3:-1:-1*3:-1:-1*1:45:20*3:-1:-1*1:29:28*3:-1:-1*1:2:1*1:3:2*2:17:-1*1:4:3*1:17:44*2:40:-1*1:40:-104*2:16:-1*1:41:40*2:39:-1*1:16:15*1:17:16*1:42:41*3:-1:-1*1:25:39*3:-1:-1*1:43:42*1:44:43*1:45:44*3:-1:-1*1:18:17*1:37:25*1:19:18*1:20:19*3:-1:-1*3:-1:-1*3:-1:-1*1:30:29*3:-1:-1*3:-1:-1*1:5:4*1:6:5*1:10:37*2:31:-1*1:31:30*2:26:-1*1:32:31*2:48:-1*1:33:32*1:21:20*2:38:-1*1:34:33*2:49:-1*1:35:34*1:38:26*2:36:-1*1:36:35*1:49:24*2:22:-1*1:22:21*2:46:-1*1:46:45*1:47:46*1:48:47*2:50:-1*1:49:48*1:50:49*2:7:-1*1:7:6*2:8:-1*1:8:7*1:26:-107*2:9:-1*1:9:8*1:10:9*1:37:36*1:38:37*3:-1:-1*1:11:10*3:-1:-1*3:-1:-1*1:12:11*1:52:-108*1:13:12*1:23:22*1:24:23*1:51:50*1:25:24*1:39:38*1:26:25*1:52:51,Minimal,52,110,2,35834,00:00:01.5818171,2
100200,1,'103121051041024043011042091093083102123052073014114064101033131032092034063082122053134023031113012133062021111094074054061071044084104022132081013124112072',+TH*QC*+4D*5C*9C*+5D*4C*9H*7H*+TC*2S*8H*AS*3H*+9D*4H*TD*JS*KC*3S*+8D*AC*QH*6S*3D*6H*QD*+5H*KS*2H*3C*JH*AD*KH*6D*2C*JC*9S*7S*5S*6C*7C*4S*8S*TS*2D*KD*8C*AH*QS*JD*7D,23:10:1:1*38:12:2:0*4:4:0:1*31:5:2:0*35:9:2:0*5:5:0:1*30:4:2:0*22:9:1:0*20:7:1:0*36:10:2:1*41:2:3:0*21:8:1:0*40:1:3:0*16:3:1:0*9:9:0:1*17:4:1:0*10:10:0:0*50:11:3:0*39:13:2:0*42:3:3:0*8:8:0:1*27:1:2:0*25:12:1:0*45:6:3:0*3:3:0:0*19:6:1:0*12:12:0:0*18:5:1:1*52:13:3:0*15:2:1:0*29:3:2:0*24:11:1:0*1:1:0:0*26:13:1:0*6:6:0:0*28:2:2:0*37:11:2:0*48:9:3:0*46:7:3:0*44:5:3:0*32:6:2:0*33:7:2:0*43:4:3:0*47:8:3:0*49:10:3:0*2:2:0:0*13:13:0:0*34:8:2:0*14:1:1:0*51:12:3:0*11:11:0:0*7:7:0:0,3:-1:-1*3:-1:-1*3:-1:-1*3:-1:-1*3:-1:-1*1:1:-102*3:-1:-1*3:-1:-1*3:-1:-1*3:-1:-1*3:-1:-1*1:48:23*3:-1:-1*3:-1:-1*3:-1:-1*3:-1:-1*1:33:8*3:-1:-1*1:43:18*1:9:36*2:16:-1*3:-1:-1*1:47:9*3:-1:-1*3:-1:-1*1:2:1*3:-1:-1*3:-1:-1*3:-1:-1*1:14:-101*3:-1:-1*3:-1:-1*3:-1:-1*1:7:47*6:-1:-1*3:-1:-1*3:-1:-1*1:15:14*1:16:15*2:40:-1*1:40:-104*2:21:-1*1:21:48*2:41:-1*1:41:40*1:52:-109*3:-1:-1*3:-1:-1*3:-1:-1*3:-1:-1*3:-1:-1*3:-1:-1*3:-1:-1*3:-1:-1*3:-1:-1*1:32:7*1:18:32*2:12:-1*1:12:52*2:19:-1*1:19:33*2:3:-1*1:3:2*2:45:-1*1:4:3*2:38:-1*1:5:4*2:35:-1*1:8:35*2:42:-1*1:42:41*2:39:-1*1:43:42*1:44:43*1:45:44*2:25:-1*1:46:45*1:25:39*2:27:-1*1:27:-103*1:37:12*1:28:27*1:6:5*1:39:-111*2:50:-1*1:50:25*2:10:-1*1:10:37*2:17:-1*1:17:16*1:18:17*1:19:18*1:26:-110*1:24:38*1:29:28*1:36:24*2:20:-1*1:20:19*2:22:-1*1:21:20*1:22:21*2:30:-1*1:30:29*1:35:10*2:31:-1*1:31:30*1:32:31*1:7:6*1:47:46*1:33:32*1:48:47*1:8:7*1:9:8*1:23:22*3:-1:-1*1:49:48*1:50:49*3:-1:-1*3:-1:-1*1:34:33*1:35:34*1:36:35*1:24:23*1:10:9*1:37:36*1:38:37*1:25:24*1:26:25*1:39:38*3:-1:-1*1:51:50*3:-1:-1*1:11:10*1:12:11*1:52:51*1:13:12,Minimal,52,114,2,753599,00:00:18.8157168,2
100210,1,'012122123072043071063102011024022074042052094013051062131041093112021073114081084133091134104032103113053092044034054014082121111101064033083132124023061031',+AD*QD*+TD*QH*AC*+5D*7D*2S*9S*+KC*4H*2D*AH*4C*+2C*7C*7S*5C*9H*7H*+8C*6H*4D*6D*JD*JS*8S*+KH*9C*KS*TS*3D*TH*JH*5H*9D*4S*3S*5S*AS*8D*QC*JC*TC*6S*3H*8H*KD*QS*2H*6C*3C,1:1:0:1*12:12:0:0*10:10:0:1*25:12:1:0*27:1:2:0*5:5:0:1*7:7:0:0*41:2:3:0*48:9:3:0*39:13:2:1*17:4:1:0*2:2:0:0*14:1:1:0*30:4:2:0*28:2:2:1*33:7:2:0*46:7:3:0*31:5:2:0*22:9:1:0*20:7:1:0*34:8:2:1*19:6:1:0*4:4:0:0*6:6:0:0*11:11:0:0*50:11:3:0*47:8:3:0*26:13:1:1*35:9:2:0*52:13:3:0*49:10:3:0*3:3:0:0*23:10:1:0*24:11:1:0*18:5:1:0*9:9:0:0*43:4:3:0*42:3:3:0*44:5:3:0*40:1:3:0*8:8:0:0*38:12:2:0*37:11:2:0*36:10:2:0*45:6:3:0*16:3:1:0*21:8:1:0*13:13:0:0*51:12:3:0*15:2:1:0*32:6:2:0*29:3:2:0,1:1:-102*3:-1:-1*3:-1:-1*3:-1:-1*3:-1:-1*3:-1:-1*3:-1:-1*3:-1:-1*3:-1:-1*3:-1:-1*1:43:5*3:-1:-1*3:-1:-1*3:-1:-1*1:40:-104*1:39:-105*2:48:-1*1:48:10*2:41:-1*1:41:40*2:7:-1*1:7:34*3:-1:-1*1:8:48*3:-1:-1*1:38:26*3:-1:-1*3:-1:-1*3:-1:-1*3:-1:-1*1:16:43*3:-1:-1*3:-1:-1*1:13:-108*3:-1:-1*1:51:13*3:-1:-1*3:-1:-1*1:32:7*1:5:32*2:27:-1*1:27:-103*2:25:-1*1:28:27*2:30:-1*3:-1:-1*1:29:28*1:30:29*2:14:-1*1:14:-101*2:2:-1*1:2:1*2:17:-1*1:15:14*1:16:15*1:17:16*1:26:-109*2:47:-1*6:-1:-1*3:-1:-1*3:-1:-1*3:-1:-1*3:-1:-1*1:3:2*3:-1:-1*3:-1:-1*1:24:38*3:-1:-1*1:18:17*3:-1:-1*3:-1:-1*1:42:41*1:43:42*3:-1:-1*1:44:43*3:-1:-1*1:37:25*3:-1:-1*1:36:24*3:-1:-1*1:45:44*1:9:36*1:34:9*2:20:-1*1:20:47*2:22:-1*1:47:22*2:50:-1*1:10:50*2:12:-1*1:50:12*2:11:-1*1:23:37*1:49:11*1:22:49*2:31:-1*1:31:30*2:46:-1*1:46:45*2:33:-1*1:11:51*2:6:-1*1:6:33*2:4:-1*1:4:3*2:19:-1*1:5:4*1:32:31*1:6:5*1:7:6*1:33:32*1:19:18*1:8:7*1:20:19*1:47:46*1:48:47*1:34:33*1:9:8*1:10:9*3:-1:-1*1:21:20*1:22:21*1:23:22*1:49:48*1:50:49*1:11:10*1:12:11*1:51:50*1:13:12*1:52:51*1:35:34*1:36:35*1:37:36*1:24:23*1:25:24*1:38:37*1:39:38*1:26:25,Minimal,52,116,2,2220877,00:00:49.9167272,2
100220,1,'031041051114052071042124061082012121094062033101092134074111054073113053081083011032133021044022034132093123122103084091104131013102064072024112023063043014',+3C*4C*+QS*5C*6C*+6D*JS*8D*3H*+7S*5D*AD*TC*JC*+JH*7C*QC*9D*5S*5H*+8H*4D*9S*KS*7H*8C*AC*+3D*KH*2C*4S*2D*3S*KD*9H*QH*QD*TH*8S*9C*TS*KC*AH*TD*6S*7D*2S*JD*2H*6H*4H*AS,29:3:2:1*30:4:2:0*51:12:3:1*31:5:2:0*32:6:2:0*6:6:0:1*50:11:3:0*8:8:0:0*16:3:1:0*46:7:3:1*5:5:0:0*1:1:0:0*36:10:2:0*37:11:2:0*24:11:1:1*33:7:2:0*38:12:2:0*9:9:0:0*44:5:3:0*18:5:1:0*21:8:1:1*4:4:0:0*48:9:3:0*52:13:3:0*20:7:1:0*34:8:2:0*27:1:2:0*3:3:0:1*26:13:1:0*28:2:2:0*43:4:3:0*2:2:0:0*42:3:3:0*13:13:0:0*22:9:1:0*25:12:1:0*12:12:0:0*23:10:1:0*47:8:3:0*35:9:2:0*49:10:3:0*39:13:2:0*14:1:1:0*10:10:0:0*45:6:3:0*7:7:0:0*41:2:3:0*11:11:0:0*15:2:1:0*19:6:1:0*17:4:1:0*40:1:3:0,1:24:51*2:37:-1*3:-1:-1*3:-1:-1*1:28:3*3:-1:-1*3:-1:-1*1:2:29*3:-1:-1*3:-1:-1*3:-1:-1*3:-1:-1*3:-1:-1*3:-1:-1*1:23:37*3:-1:-1*3:-1:-1*1:35:23*1:21:35*2:18:-1*1:6:46*2:32:-1*1:18:32*2:44:-1*1:44:6*2:9:-1*1:47:9*3:-1:-1*1:49:24*3:-1:-1*3:-1:-1*1:14:-101*3:-1:-1*3:-1:-1*3:-1:-1*1:7:47*3:-1:-1*3:-1:-1*3:-1:-1*1:15:14*1:46:21*2:16:-1*1:16:15*2:8:-1*3:-1:-1*3:-1:-1*1:17:16*1:18:17*1:19:18*3:-1:-1*1:40:-104*1:9:49*2:38:-1*1:11:38*1:41:40*1:45:7*6:-1:-1*3:-1:-1*3:-1:-1*3:-1:-1*1:42:41*1:43:42*1:44:43*1:45:44*1:32:7*2:31:-1*1:31:6*1:26:-107*1:38:26*2:33:-1*1:33:8*3:-1:-1*1:13:-110*1:51:13*2:30:-1*1:3:30*2:27:-1*1:27:-103*2:34:-1*1:28:27*1:6:33*1:46:45*1:7:34*1:47:46*1:34:9*2:20:-1*1:20:19*2:52:-1*1:21:20*3:-1:-1*1:22:21*3:-1:-1*1:25:52*1:37:25*2:36:-1*1:36:11*2:1:-1*1:1:-102*2:5:-1*1:2:1*1:29:28*1:3:2*1:30:29*1:31:30*1:32:31*1:52:-105*2:48:-1*1:48:47*2:4:-1*1:4:3*1:5:4*1:6:5*1:33:32*1:7:6*1:8:7*2:50:-1*1:34:33*1:35:34*1:23:22*1:36:35*1:9:8*1:37:36*1:49:48*1:50:49*1:24:23*1:25:24*1:51:50*1:52:51*3:-1:-1*3:-1:-1*3:-1:-1*1:10:9*1:11:10*1:38:37*1:26:25*1:39:38*1:12:11*1:13:12,Minimal,52,116,2,873955,00:00:23.5725854,3
100230,1,'012124032103031084072071022082122043081062104132133091083013053114064033101113093061112041063034044052011134111024074102042054121073023092131094014123021051',+AD*QS*+7C*3D*2D*+6D*TH*8D*TS*+8H*3C*QD*KD*AH*+6S*8S*4H*KH*5H*3H*+JH*7D*8C*9C*JS*TC*9H*+6C*JD*4C*6H*3S*4S*5D*AC*KS*JC*2S*7S*TD*4D*5S*QC*7H*2H*9D*KC*9S*AS*QH*2C*5C,1:1:0:1*51:12:3:0*33:7:2:1*3:3:0:0*2:2:0:0*6:6:0:1*23:10:1:0*8:8:0:0*49:10:3:0*21:8:1:1*29:3:2:0*12:12:0:0*13:13:0:0*14:1:1:0*45:6:3:1*47:8:3:0*17:4:1:0*26:13:1:0*18:5:1:0*16:3:1:0*24:11:1:1*7:7:0:0*34:8:2:0*35:9:2:0*50:11:3:0*36:10:2:0*22:9:1:0*32:6:2:1*11:11:0:0*30:4:2:0*19:6:1:0*42:3:3:0*43:4:3:0*5:5:0:0*27:1:2:0*52:13:3:0*37:11:2:0*41:2:3:0*46:7:3:0*10:10:0:0*4:4:0:0*44:5:3:0*38:12:2:0*20:7:1:0*15:2:1:0*9:9:0:0*39:13:2:0*48:9:3:0*40:1:3:0*25:12:1:0*28:2:2:0*31:5:2:0,1:1:-102*3:-1:-1*3:-1:-1*3:-1:-1*1:19:33*3:-1:-1*3:-1:-1*3:-1:-1*3:-1:-1*1:27:-103*1:5:32*3:-1:-1*3:-1:-1*3:-1:-1*3:-1:-1*1:46:21*1:6:46*2:2:-1*1:2:1*2:3:-1*1:41:3*3:-1:-1*3:-1:-1*3:-1:-1*1:44:6*1:4:44*3:-1:-1*3:-1:-1*3:-1:-1*3:-1:-1*3:-1:-1*1:39:-105*3:-1:-1*3:-1:-1*1:40:-104*1:41:40*1:3:2*1:4:3*1:5:4*3:-1:-1*3:-1:-1*1:28:27*3:-1:-1*1:31:19*6:-1:-1*3:-1:-1*3:-1:-1*3:-1:-1*1:42:41*3:-1:-1*1:43:42*1:44:43*1:6:5*1:45:44*2:14:-1*1:14:-101*2:13:-1*1:46:45*1:13:-107*2:12:-1*1:12:39*2:29:-1*1:29:28*1:30:29*1:31:30*3:-1:-1*3:-1:-1*3:-1:-1*3:-1:-1*1:38:13*1:24:38*2:16:-1*3:-1:-1*3:-1:-1*1:15:14*1:16:15*2:18:-1*1:18:32*2:26:-1*1:26:-109*2:17:-1*1:17:16*2:47:-1*1:18:17*1:19:18*1:32:31*2:22:-1*1:33:32*2:51:-1*1:47:46*1:20:19*1:21:20*2:49:-1*1:22:21*2:36:-1*3:-1:-1*3:-1:-1*1:48:47*1:49:48*2:8:-1*1:36:24*2:50:-1*1:50:49*2:35:-1*1:51:50*1:8:35*2:23:-1*1:35:23*2:34:-1*1:34:33*2:7:-1*1:7:6*1:8:7*1:35:34*1:36:35*1:23:22*1:24:23*1:9:8*1:10:9*1:37:36*1:38:37*1:52:51*1:11:10*1:12:11*1:39:38*1:13:12*3:-1:-1*1:25:24*1:26:25,Minimal,52,107,2,474127,00:00:08.9394125,4
100240,1,'052061072014134064063091033121074092042103043054111082094021104114022131133084011093081034051132044113073031112041123053024102062013071122101083012032124023',+5D*6C*+9C*7D*3H*+TH*AS*QC*4H*+9S*KS*7S*5S*2C*+2D*6S*9D*JC*TS*KC*+8S*6H*4D*8D*JS*KH*AC*+9H*8C*3S*5C*KD*4S*JH*7H*3C*JD*4C*QH*5H*2S*TD*6D*AH*7C*QD*TC*8H*AD*3D*QS*2H,5:5:0:1*32:6:2:0*35:9:2:1*7:7:0:0*16:3:1:0*23:10:1:1*40:1:3:0*38:12:2:0*17:4:1:0*48:9:3:1*52:13:3:0*46:7:3:0*44:5:3:0*28:2:2:0*2:2:0:1*45:6:3:0*9:9:0:0*37:11:2:0*49:10:3:0*39:13:2:0*47:8:3:1*19:6:1:0*4:4:0:0*8:8:0:0*50:11:3:0*26:13:1:0*27:1:2:0*22:9:1:1*34:8:2:0*42:3:3:0*31:5:2:0*13:13:0:0*43:4:3:0*24:11:1:0*20:7:1:0*29:3:2:0*11:11:0:0*30:4:2:0*25:12:1:0*18:5:1:0*41:2:3:0*10:10:0:0*6:6:0:0*14:1:1:0*33:7:2:0*12:12:0:0*36:10:2:0*21:8:1:0*1:1:0:0*3:3:0:0*51:12:3:0*15:2:1:0,3:-1:-1*3:-1:-1*3:-1:-1*3:-1:-1*3:-1:-1*1:43:5*3:-1:-1*3:-1:-1*1:20:47*1:35:23*2:32:-1*1:47:22*2:39:-1*1:5:32*1:39:-105*2:49:-1*1:22:49*2:27:-1*1:27:-103*2:26:-1*1:32:20*1:26:-106*2:50:-1*3:-1:-1*3:-1:-1*3:-1:-1*3:-1:-1*1:25:39*1:50:25*2:8:-1*3:-1:-1*3:-1:-1*3:-1:-1*1:10:50*1:48:10*2:17:-1*3:-1:-1*3:-1:-1*1:14:-101*3:-1:-1*1:33:8*3:-1:-1*3:-1:-1*3:-1:-1*1:21:48*3:-1:-1*1:1:-102*1:2:1*2:28:-1*1:28:27*2:44:-1*1:8:35*2:4:-1*3:-1:-1*1:3:2*1:4:3*2:19:-1*3:-1:-1*1:51:26*3:-1:-1*1:15:14*6:-1:-1*3:-1:-1*3:-1:-1*3:-1:-1*3:-1:-1*3:-1:-1*3:-1:-1*1:29:28*3:-1:-1*3:-1:-1*1:30:29*1:11:51*1:49:11*2:37:-1*1:23:37*2:16:-1*1:16:15*2:7:-1*1:17:16*2:38:-1*3:-1:-1*1:18:17*1:19:18*1:24:38*1:13:-111*1:31:30*1:38:13*2:40:-1*1:40:-104*3:-1:-1*1:41:40*1:42:41*1:43:42*1:5:4*1:32:31*1:44:43*2:46:-1*1:20:19*1:33:32*1:34:33*3:-1:-1*1:6:5*1:7:6*1:8:7*1:35:34*3:-1:-1*3:-1:-1*1:36:35*1:46:21*2:52:-1*1:12:52*1:37:12*2:9:-1*1:9:8*2:45:-1*1:45:44*1:46:45*1:21:20*1:47:46*1:48:47*1:10:9*1:22:21*1:49:48*1:50:49*1:11:10*1:23:22*1:51:50*1:37:36*1:12:11*1:24:23*1:25:24*1:26:25*1:52:51*1:38:37*1:39:38*1:13:12,Solved,52,115,2,10000000,00:04:28.6448006,1
100250,1,'121123042104132041092053103024034052112013084031032082101074044073093051133083061071122064012022021111094062113072131043014102134063091033081054011114124023',+QC*QH*+5H*4D*TH*+AH*TS*2S*8S*+TC*KD*3S*3C*7S*+9H*4C*5D*3D*4S*5C*+8H*9D*JD*8D*7H*KH*6C*+7C*QD*6S*AD*2D*2C*JC*9S*6D*JH*7D*KC*4H*AS*TD*KS*6H*9C*3H*8C*5S*AC*JS*QS*2H,38:12:2:1*25:12:1:0*18:5:1:1*4:4:0:0*23:10:1:0*14:1:1:1*49:10:3:0*41:2:3:0*47:8:3:0*36:10:2:1*13:13:0:0*42:3:3:0*29:3:2:0*46:7:3:0*22:9:1:1*30:4:2:0*5:5:0:0*3:3:0:0*43:4:3:0*31:5:2:0*21:8:1:1*9:9:0:0*11:11:0:0*8:8:0:0*20:7:1:0*26:13:1:0*32:6:2:0*33:7:2:1*12:12:0:0*45:6:3:0*1:1:0:0*2:2:0:0*28:2:2:0*37:11:2:0*48:9:3:0*6:6:0:0*24:11:1:0*7:7:0:0*39:13:2:0*17:4:1:0*40:1:3:0*10:10:0:0*52:13:3:0*19:6:1:0*35:9:2:0*16:3:1:0*34:8:2:0*44:5:3:0*27:1:2:0*50:11:3:0*51:12:3:0*15:2:1:0,1:14:-101*2:23:-1*3:-1:-1*3:-1:-1*3:-1:-1*1:1:-102*3:-1:-1*1:2:1*3:-1:-1*3:-1:-1*3:-1:-1*1:48:23*1:21:48*2:31:-1*3:-1:-1*1:6:33*1:31:6*2:43:-1*1:33:21*2:32:-1*1:18:32*2:25:-1*1:37:25*1:23:37*2:4:-1*3:-1:-1*1:24:38*1:36:24*2:47:-1*3:-1:-1*1:7:47*1:32:7*2:26:-1*1:38:26*1:26:-105*2:20:-1*1:43:18*2:3:-1*1:28:3*1:45:20*3:-1:-1*3:-1:-1*3:-1:-1*1:40:-104*1:22:36*2:46:-1*1:17:31*3:-1:-1*3:-1:-1*3:-1:-1*1:19:46*3:-1:-1*3:-1:-1*3:-1:-1*3:-1:-1*3:-1:-1*1:27:-103*1:28:27*1:3:2*2:5:-1*1:4:3*1:5:4*2:30:-1*1:44:19*1:34:22*1:16:30*3:-1:-1*3:-1:-1*3:-1:-1*1:15:14*1:16:15*1:17:16*1:20:34*2:8:-1*1:46:8*2:29:-1*1:29:28*2:42:-1*1:30:29*1:31:30*1:6:5*1:18:45*1:32:31*1:33:32*1:7:6*1:20:47*1:34:33*1:47:22*2:41:-1*1:41:40*2:49:-1*1:42:41*2:13:-1*1:43:42*1:18:17*1:44:43*1:45:44*1:19:18*1:20:19*1:21:20*1:46:45*1:47:46*1:22:21*1:48:47*1:8:7*2:11:-1*1:23:22*1:49:48*1:51:13*1:50:49*1:51:50*1:35:34*1:36:35*1:24:23*1:37:36*1:25:24*1:52:51*1:11:38*2:9:-1*1:9:8*1:10:9*1:11:10*1:38:37*1:26:25*1:39:38*1:12:11*1:13:12,Minimal,52,106,1,2266842,00:00:51.9542293,3
100260,1,'032124033112021081044122114103134101072084041012071094034133063092031011102121061043024064073022054051074082062013131083111014123093053104042091113052132023',+3D*QS*+QD*3H*JS*+8S*JD*TH*4C*+3S*2C*KS*AD*KH*+3C*8C*TC*7C*6H*AC*+QC*4S*7D*9S*9D*TD*6C*+4H*2S*6S*7H*2D*5S*5C*7S*8D*6D*AH*KC*8H*JC*AS*QH*9H*5H*TS*4D*9C*JH*5D*KD*2H,3:3:0:1*51:12:3:0*12:12:0:1*16:3:1:0*50:11:3:0*47:8:3:1*11:11:0:0*23:10:1:0*30:4:2:0*42:3:3:1*28:2:2:0*52:13:3:0*1:1:0:0*26:13:1:0*29:3:2:1*34:8:2:0*36:10:2:0*33:7:2:0*19:6:1:0*27:1:2:0*38:12:2:1*43:4:3:0*7:7:0:0*48:9:3:0*9:9:0:0*10:10:0:0*32:6:2:0*17:4:1:1*41:2:3:0*45:6:3:0*20:7:1:0*2:2:0:0*44:5:3:0*31:5:2:0*46:7:3:0*8:8:0:0*6:6:0:0*14:1:1:0*39:13:2:0*21:8:1:0*37:11:2:0*40:1:3:0*25:12:1:0*22:9:1:0*18:5:1:0*49:10:3:0*4:4:0:0*35:9:2:0*24:11:1:0*5:5:0:0*13:13:0:0*15:2:1:0,1:29:17*2:26:-1*1:38:26*2:27:-1*1:27:-103*2:19:-1*3:-1:-1*1:41:3*3:-1:-1*3:-1:-1*3:-1:-1*1:2:29*1:20:47*3:-1:-1*3:-1:-1*1:31:19*3:-1:-1*3:-1:-1*3:-1:-1*3:-1:-1*1:14:-101*3:-1:-1*3:-1:-1*3:-1:-1*3:-1:-1*1:40:-104*1:41:40*1:42:41*2:30:-1*1:3:30*1:26:-105*2:1:-1*1:1:-102*2:52:-1*1:2:1*1:3:2*1:37:12*3:-1:-1*1:25:52*3:-1:-1*3:-1:-1*3:-1:-1*3:-1:-1*1:4:3*3:-1:-1*3:-1:-1*3:-1:-1*1:5:4*1:17:31*2:32:-1*1:32:20*2:10:-1*1:10:37*2:9:-1*1:47:9*2:50:-1*1:50:25*2:16:-1*3:-1:-1*3:-1:-1*1:15:14*1:16:15*1:52:-107*2:28:-1*1:28:27*1:29:28*1:30:29*2:23:-1*1:17:16*1:31:30*1:32:31*1:13:-109*1:24:38*1:35:10*1:49:24*1:18:17*1:19:18*2:33:-1*1:33:32*2:36:-1*1:20:19*1:22:49*1:21:20*1:22:21*1:23:22*2:11:-1*1:36:11*2:34:-1*1:34:33*1:35:34*1:36:35*1:9:49*2:48:-1*1:39:-110*1:6:5*1:48:10*2:7:-1*1:7:6*2:43:-1*1:43:42*1:8:48*1:46:8*1:44:43*1:45:44*1:46:45*1:47:46*1:8:7*1:9:8*1:48:47*1:49:48*1:24:23*1:10:9*1:37:36*1:38:37*1:50:49*1:25:24*1:11:10*1:26:25*1:12:11*2:51:-1*1:51:50*1:52:51*1:13:12*1:39:38,Minimal,52,103,1,145631,00:00:03.5928600,1
100270,1,'103094031084124112092053073033104051133032123121024011062072052042131054034081064113093041083012122043022101114014044132013063061134021102074071091111082023',+TH*9S*+5H*3C*7H*+3D*8S*3H*QH*+6D*QS*TS*QC*7D*+KC*JD*5C*2S*5D*5S*+8C*9D*KH*AC*4D*3S*6S*+JH*9H*4C*8H*AD*QD*4H*2D*TC*JS*AS*4S*KD*AH*6H*6C*KS*2C*TD*7S*7C*9C*JC*8D*2H,23:10:1:1*48:9:3:0*18:5:1:1*29:3:2:0*20:7:1:0*3:3:0:1*47:8:3:0*16:3:1:0*25:12:1:0*6:6:0:1*51:12:3:0*49:10:3:0*38:12:2:0*7:7:0:0*39:13:2:1*11:11:0:0*31:5:2:0*41:2:3:0*5:5:0:0*44:5:3:0*34:8:2:1*9:9:0:0*26:13:1:0*27:1:2:0*4:4:0:0*42:3:3:0*45:6:3:0*24:11:1:1*22:9:1:0*30:4:2:0*21:8:1:0*1:1:0:0*12:12:0:0*17:4:1:0*2:2:0:0*36:10:2:0*50:11:3:0*40:1:3:0*43:4:3:0*13:13:0:0*14:1:1:0*19:6:1:0*32:6:2:0*52:13:3:0*28:2:2:0*10:10:0:0*46:7:3:0*33:7:2:0*35:9:2:0*37:11:2:0*8:8:0:0*15:2:1:0,3:-1:-1*3:-1:-1*3:-1:-1*3:-1:-1*1:1:-102*3:-1:-1*1:12:39*3:-1:-1*3:-1:-1*1:2:1*1:3:2*2:20:-1*3:-1:-1*3:-1:-1*3:-1:-1*1:40:-104*1:50:12*1:36:24*3:-1:-1*1:43:18*3:-1:-1*3:-1:-1*1:14:-101*1:23:50*1:39:-105*2:7:-1*3:-1:-1*3:-1:-1*1:32:7*1:18:32*2:48:-1*1:48:23*3:-1:-1*1:52:-106*3:-1:-1*3:-1:-1*3:-1:-1*3:-1:-1*3:-1:-1*3:-1:-1*3:-1:-1*3:-1:-1*1:15:14*1:8:48*6:-1:-1*3:-1:-1*1:22:36*1:34:22*2:44:-1*1:7:34*2:38:-1*1:24:38*2:45:-1*1:44:6*2:5:-1*1:5:45*2:41:-1*1:41:40*2:31:-1*1:45:20*2:42:-1*1:42:41*2:4:-1*1:43:42*1:44:43*1:4:3*2:27:-1*1:27:-103*2:26:-1*1:5:4*1:45:44*1:6:5*2:25:-1*1:25:52*2:16:-1*1:16:15*2:47:-1*3:-1:-1*3:-1:-1*3:-1:-1*1:17:16*1:18:17*3:-1:-1*3:-1:-1*1:19:18*1:20:19*2:29:-1*3:-1:-1*1:28:27*1:29:28*1:13:-107*1:21:20*1:30:29*1:31:30*2:11:-1*1:32:31*1:7:6*1:8:7*3:-1:-1*3:-1:-1*1:46:45*1:47:46*1:48:47*3:-1:-1*1:33:32*1:34:33*1:22:21*1:23:22*3:-1:-1*1:35:34*1:36:35*1:24:23*1:25:24*1:26:25*2:9:-1*1:9:8*1:10:9*1:11:10*3:-1:-1*1:37:36*1:38:37*2:49:-1*1:49:48*2:51:-1*1:50:49*1:12:11*1:39:38*1:13:12*1:51:50*1:52:51,Minimal,52,108,2,442497,00:00:12.0358067,5
100280,1,'064054042093112033032083133111122073031134092081082071102034053121012043013094011021044113052061041084091024124014104051123023022132101074062072131103063114',+6S*5S*+8H*4D*KH*+KS*9H*JC*9D*+TD*JD*QD*8C*3S*+AD*3H*7H*8D*5H*4H*+9S*3D*3C*7C*QC*AH*AC*+2C*4S*JH*5D*6C*4C*8S*9C*2S*QS*AS*TS*5C*QH*2H*2D*KD*TC*7S*6D*7D*KC*TH*6H*JS,45:6:3:1*44:5:3:0*21:8:1:1*4:4:0:0*26:13:1:0*52:13:3:1*22:9:1:0*37:11:2:0*9:9:0:0*10:10:0:1*11:11:0:0*12:12:0:0*34:8:2:0*42:3:3:0*1:1:0:1*16:3:1:0*20:7:1:0*8:8:0:0*18:5:1:0*17:4:1:0*48:9:3:1*3:3:0:0*29:3:2:0*33:7:2:0*38:12:2:0*14:1:1:0*27:1:2:0*28:2:2:1*43:4:3:0*24:11:1:0*5:5:0:0*32:6:2:0*30:4:2:0*47:8:3:0*35:9:2:0*41:2:3:0*51:12:3:0*40:1:3:0*49:10:3:0*31:5:2:0*25:12:1:0*15:2:1:0*2:2:0:0*13:13:0:0*36:10:2:0*46:7:3:0*6:6:0:0*7:7:0:0*39:13:2:0*23:10:1:0*19:6:1:0*50:11:3:0,1:1:-102*2:42:-1*3:-1:-1*3:-1:-1*3:-1:-1*1:5:45*3:-1:-1*3:-1:-1*1:30:5*3:-1:-1*3:-1:-1*3:-1:-1*3:-1:-1*3:-1:-1*1:40:-104*3:-1:-1*3:-1:-1*3:-1:-1*1:25:52*3:-1:-1*3:-1:-1*1:2:1*3:-1:-1*3:-1:-1*3:-1:-1*1:46:21*3:-1:-1*1:6:46*1:48:10*2:17:-1*1:42:17*2:34:-1*3:-1:-1*1:7:34*3:-1:-1*3:-1:-1*3:-1:-1*3:-1:-1*1:50:25*1:10:50*2:9:-1*6:-1:-1*3:-1:-1*3:-1:-1*3:-1:-1*1:32:7*3:-1:-1*1:47:9*3:-1:-1*3:-1:-1*1:41:40*1:42:41*3:-1:-1*3:-1:-1*3:-1:-1*1:31:6*1:17:31*2:18:-1*1:18:32*2:8:-1*1:8:48*2:20:-1*1:20:47*2:16:-1*1:28:16*2:27:-1*1:27:-103*2:14:-1*1:28:27*1:14:-101*2:38:-1*3:-1:-1*1:15:14*1:16:15*1:17:16*1:18:17*1:52:-110*2:26:-1*1:38:26*2:33:-1*1:33:8*2:29:-1*1:29:28*2:3:-1*1:30:29*1:3:2*1:31:30*1:32:31*1:33:32*1:26:-111*2:4:-1*1:4:3*1:5:4*1:6:5*1:7:6*1:34:33*2:12:-1*3:-1:-1*3:-1:-1*3:-1:-1*1:39:-107*3:-1:-1*3:-1:-1*1:19:18*1:20:19*1:46:8*1:21:20*2:44:-1*6:-1:-1*3:-1:-1*1:43:42*1:44:43*1:45:44*1:46:45*1:47:46*1:8:7*1:9:8*2:37:-1*1:48:47*1:10:9*1:12:39*2:11:-1*1:11:10*1:12:11*3:-1:-1*3:-1:-1*1:35:34*3:-1:-1*3:-1:-1*1:49:48*1:50:49*1:51:50*3:-1:-1*1:13:12*3:-1:-1*1:36:35*1:37:36*2:22:-1*1:22:21*1:38:37*1:39:38*3:-1:-1*1:23:22*1:24:23*1:25:24*1:52:51*1:26:25,Minimal,52,124,3,2175355,00:00:50.2789652,1
100290,1,'114023022113041111051032132053083062071054092074031094061013082072021073101034121012104042044084124024011103081122033063123091093014043064102131133052134112',+JS*2H*+3D*2D*KD*+5S*JH*5H*9D*+6C*4C*8H*7S*AH*+2C*JC*6D*3C*8D*7H*+3S*5C*7C*9S*7D*TC*QC*+AD*TS*4D*4S*8S*QS*2S*AC*TH*8C*QD*3H*6H*QH*9C*9H*AS*4H*6S*TD*KC*KH*5D*KS*JD,50:11:3:1*15:2:1:0*3:3:0:1*2:2:0:0*13:13:0:0*44:5:3:1*24:11:1:0*18:5:1:0*9:9:0:0*32:6:2:1*30:4:2:0*21:8:1:0*46:7:3:0*14:1:1:0*28:2:2:1*37:11:2:0*6:6:0:0*29:3:2:0*8:8:0:0*20:7:1:0*42:3:3:1*31:5:2:0*33:7:2:0*48:9:3:0*7:7:0:0*36:10:2:0*38:12:2:0*1:1:0:1*49:10:3:0*4:4:0:0*43:4:3:0*47:8:3:0*51:12:3:0*41:2:3:0*27:1:2:0*23:10:1:0*34:8:2:0*12:12:0:0*16:3:1:0*19:6:1:0*25:12:1:0*35:9:2:0*22:9:1:0*40:1:3:0*17:4:1:0*45:6:3:0*10:10:0:0*39:13:2:0*26:13:1:0*5:5:0:0*52:13:3:0*11:11:0:0,1:1:-102*2:38:-1*3:-1:-1*3:-1:-1*1:4:44*1:42:4*2:20:-1*1:32:20*2:9:-1*3:-1:-1*3:-1:-1*1:47:9*3:-1:-1*3:-1:-1*3:-1:-1*1:27:-103*1:28:27*2:14:-1*1:14:-101*2:46:-1*3:-1:-1*1:23:50*3:-1:-1*3:-1:-1*3:-1:-1*3:-1:-1*1:19:46*1:44:19*2:13:-1*1:38:13*2:36:-1*1:9:36*2:18:-1*1:18:32*2:24:-1*1:24:38*1:13:-108*2:2:-1*1:2:1*1:3:2*2:15:-1*1:15:14*1:16:15*1:20:47*2:8:-1*3:-1:-1*3:-1:-1*1:35:23*1:8:35*2:29:-1*1:29:28*2:6:-1*3:-1:-1*3:-1:-1*1:40:-104*3:-1:-1*1:17:16*1:18:17*1:44:6*1:19:18*1:36:24*2:7:-1*1:32:7*1:20:19*1:7:47*2:48:-1*1:46:8*2:21:-1*1:21:48*2:30:-1*1:30:29*1:6:46*2:37:-1*3:-1:-1*3:-1:-1*1:10:37*1:48:10*2:33:-1*1:33:21*2:31:-1*1:31:30*1:32:31*1:33:32*1:21:20*1:45:7*1:22:21*3:-1:-1*1:39:-106*3:-1:-1*1:26:-107*3:-1:-1*1:5:45*3:-1:-1*1:52:-109*1:25:52*1:12:39*1:34:33*1:41:40*1:42:41*1:4:3*1:5:4*1:51:26*1:43:42*1:44:43*1:6:5*1:45:44*1:46:45*1:7:6*1:8:7*1:35:34*1:47:46*1:23:22*1:9:8*1:36:35*1:48:47*1:24:23*1:10:9*1:37:36*1:38:37*1:25:24*1:49:48*1:50:49*1:51:50*1:26:25*1:52:51*3:-1:-1*1:11:10*1:12:11*1:39:38*1:13:12,Minimal,52,109,1,178893,00:00:05.7100966,1
100300,1,'111084092081131083122032101082112132134114041062124123022063093104094061031052011021053102043054091014072074023033133113013051044071064121034103042024073012',+JC*8S*+3D*9D*TC*+JS*8C*8D*4C*+2D*KC*JD*6D*6H*+9S*8H*KD*QS*9H*6C*+5D*QD*KS*QH*TS*3C*AC*+2C*5H*TD*4H*5S*9C*AS*7D*7S*2H*3H*KH*JH*AH*5C*4S*7C*6S*QC*3S*TH*4D*2S*7H*AD,37:11:2:1*47:8:3:0*3:3:0:1*9:9:0:0*36:10:2:0*50:11:3:1*34:8:2:0*8:8:0:0*30:4:2:0*2:2:0:1*39:13:2:0*11:11:0:0*6:6:0:0*19:6:1:0*48:9:3:1*21:8:1:0*13:13:0:0*51:12:3:0*22:9:1:0*32:6:2:0*5:5:0:1*12:12:0:0*52:13:3:0*25:12:1:0*49:10:3:0*29:3:2:0*27:1:2:0*28:2:2:1*18:5:1:0*10:10:0:0*17:4:1:0*44:5:3:0*35:9:2:0*40:1:3:0*7:7:0:0*46:7:3:0*15:2:1:0*16:3:1:0*26:13:1:0*24:11:1:0*14:1:1:0*31:5:2:0*43:4:3:0*33:7:2:0*45:6:3:0*38:12:2:0*42:3:3:0*23:10:1:0*4:4:0:0*41:2:3:0*20:7:1:0*1:1:0:0,1:28:3*2:27:-1*1:27:-103*2:29:-1*1:28:27*3:-1:-1*3:-1:-1*1:10:50*3:-1:-1*3:-1:-1*3:-1:-1*3:-1:-1*1:40:-104*1:35:10*3:-1:-1*3:-1:-1*3:-1:-1*1:15:29*3:-1:-1*3:-1:-1*3:-1:-1*3:-1:-1*1:14:-101*1:15:14*1:29:28*2:49:-1*3:-1:-1*3:-1:-1*1:43:5*3:-1:-1*3:-1:-1*3:-1:-1*3:-1:-1*3:-1:-1*1:23:37*3:-1:-1*3:-1:-1*1:41:40*3:-1:-1*3:-1:-1*1:1:-102*1:2:1*2:30:-1*1:3:2*2:47:-1*1:30:29*2:8:-1*1:20:47*1:4:3*1:42:41*1:43:42*1:5:4*2:32:-1*6:-1:-1*3:-1:-1*3:-1:-1*3:-1:-1*1:44:43*3:-1:-1*3:-1:-1*3:-1:-1*1:16:15*1:48:23*2:19:-1*1:46:8*1:19:46*2:6:-1*1:6:5*2:11:-1*1:7:6*1:17:16*1:18:17*1:19:18*1:20:19*3:-1:-1*3:-1:-1*3:-1:-1*1:31:30*1:32:31*2:22:-1*3:-1:-1*1:33:32*3:-1:-1*1:45:44*1:46:45*1:47:46*1:48:47*1:8:7*2:34:-1*1:34:33*1:35:34*1:49:48*2:25:-1*1:50:25*2:36:-1*1:36:11*2:9:-1*1:9:8*1:10:9*1:50:49*1:22:36*2:51:-1*1:51:50*2:13:-1*1:13:-106*2:21:-1*1:21:20*1:22:21*1:23:22*1:36:35*1:37:36*1:11:10*2:39:-1*1:24:23*1:25:24*2:52:-1*1:52:51*2:12:-1*1:12:11*1:13:12*1:26:25*3:-1:-1*1:38:37*1:39:38,Minimal,52,102,2,844540,00:00:26.5032633,3
100310,1,'101112084124114091134104061082131033132071043103054122113041111123022044072051063021133011083014121052094102042013053074024032092031064034073012062081093023',+TC*JD*+TS*8S*6C*+7C*QS*8D*4H*+JH*JS*KC*TH*4C*+2D*9C*3H*5S*JC*4S*+5C*KS*KD*QD*QH*7D*6H*+2C*KH*AC*8H*AS*QC*5D*9S*TD*4D*AH*5H*7S*2S*3D*9D*3C*6S*3S*7H*AD*6D*8C*9H*2H,36:10:2:1*11:11:0:0*49:10:3:1*47:8:3:0*32:6:2:0*33:7:2:1*51:12:3:0*8:8:0:0*17:4:1:0*24:11:1:1*50:11:3:0*39:13:2:0*23:10:1:0*30:4:2:0*2:2:0:1*35:9:2:0*16:3:1:0*44:5:3:0*37:11:2:0*43:4:3:0*31:5:2:1*52:13:3:0*13:13:0:0*12:12:0:0*25:12:1:0*7:7:0:0*19:6:1:0*28:2:2:1*26:13:1:0*27:1:2:0*21:8:1:0*40:1:3:0*38:12:2:0*5:5:0:0*48:9:3:0*10:10:0:0*4:4:0:0*14:1:1:0*18:5:1:0*46:7:3:0*41:2:3:0*3:3:0:0*9:9:0:0*29:3:2:0*45:6:3:0*42:3:3:0*20:7:1:0*1:1:0:0*6:6:0:0*34:8:2:0*22:9:1:0*15:2:1:0,3:-1:-1*3:-1:-1*1:27:-103*1:28:27*2:19:-1*1:36:24*1:26:-105*3:-1:-1*3:-1:-1*1:40:-104*3:-1:-1*1:38:26*1:24:38*2:17:-1*1:31:19*2:43:-1*1:17:31*2:8:-1*1:33:8*2:32:-1*3:-1:-1*3:-1:-1*3:-1:-1*3:-1:-1*3:-1:-1*1:14:-101*3:-1:-1*1:18:32*3:-1:-1*3:-1:-1*1:41:40*3:-1:-1*3:-1:-1*1:9:49*3:-1:-1*1:29:28*3:-1:-1*3:-1:-1*1:42:41*1:43:42*2:37:-1*3:-1:-1*3:-1:-1*1:1:-102*1:2:1*2:30:-1*1:30:29*2:23:-1*3:-1:-1*3:-1:-1*3:-1:-1*3:-1:-1*1:15:14*1:22:36*1:19:33*2:7:-1*1:34:22*1:7:34*2:25:-1*1:37:25*2:44:-1*1:44:43*2:16:-1*1:16:15*2:35:-1*1:17:16*1:18:17*1:31:30*1:32:31*2:47:-1*1:19:18*1:6:33*1:20:19*1:45:44*1:3:2*1:46:45*1:47:46*1:4:3*1:10:37*1:48:47*1:5:4*1:6:5*1:7:6*1:33:32*1:34:33*1:8:7*2:51:-1*1:9:8*1:35:34*1:49:48*2:11:-1*1:10:9*1:11:10*1:21:20*1:22:21*1:36:35*1:23:22*2:39:-1*1:24:23*1:37:36*1:38:37*1:25:24*2:12:-1*1:12:11*2:13:-1*1:26:25*1:39:38*2:50:-1*1:50:49*1:51:50*1:13:12*2:52:-1*1:52:51,Minimal,52,92,1,517302,00:00:09.8796962,2
100320,1,'061031052113112054082083041131021133044043032013101111064072022081084103033121034071011123042093132074104114134092051073024102014062122063094012124091053023',+6C*3C*+8H*5D*4C*+4H*JH*KC*3D*+6S*JD*2C*AH*7D*+8S*5S*KH*TC*2D*TH*+QC*8D*4S*JC*8C*3H*3S*+7C*AC*QH*4D*9H*KD*7S*TS*JS*KS*9D*5C*7H*2S*TD*AS*6D*QD*6H*9S*AD*QS*9C*5H*2H,32:6:2:1*29:3:2:0*21:8:1:1*5:5:0:0*30:4:2:0*17:4:1:1*24:11:1:0*39:13:2:0*3:3:0:0*45:6:3:1*11:11:0:0*28:2:2:0*14:1:1:0*7:7:0:0*47:8:3:1*44:5:3:0*26:13:1:0*36:10:2:0*2:2:0:0*23:10:1:0*38:12:2:1*8:8:0:0*43:4:3:0*37:11:2:0*34:8:2:0*16:3:1:0*42:3:3:0*33:7:2:1*27:1:2:0*25:12:1:0*4:4:0:0*22:9:1:0*13:13:0:0*46:7:3:0*49:10:3:0*50:11:3:0*52:13:3:0*9:9:0:0*31:5:2:0*20:7:1:0*41:2:3:0*10:10:0:0*40:1:3:0*6:6:0:0*12:12:0:0*19:6:1:0*48:9:3:0*1:1:0:0*51:12:3:0*35:9:2:0*18:5:1:0*15:2:1:0,3:-1:-1*1:27:-103*3:-1:-1*3:-1:-1*3:-1:-1*3:-1:-1*3:-1:-1*1:46:21*3:-1:-1*3:-1:-1*3:-1:-1*3:-1:-1*3:-1:-1*3:-1:-1*1:20:47*3:-1:-1*3:-1:-1*3:-1:-1*1:40:-104*3:-1:-1*1:6:33*3:-1:-1*3:-1:-1*1:19:46*3:-1:-1*3:-1:-1*1:1:-102*3:-1:-1*3:-1:-1*3:-1:-1*1:18:45*3:-1:-1*6:-1:-1*3:-1:-1*3:-1:-1*3:-1:-1*3:-1:-1*3:-1:-1*3:-1:-1*3:-1:-1*3:-1:-1*3:-1:-1*3:-1:-1*1:41:40*1:31:19*1:17:31*2:30:-1*1:30:18*2:5:-1*1:45:20*2:3:-1*1:3:30*2:39:-1*1:5:32*1:39:-107*2:24:-1*1:24:38*3:-1:-1*3:-1:-1*1:12:39*3:-1:-1*3:-1:-1*3:-1:-1*3:-1:-1*6:-1:-1*3:-1:-1*3:-1:-1*3:-1:-1*3:-1:-1*1:13:-108*1:38:13*2:23:-1*3:-1:-1*3:-1:-1*1:50:12*1:23:50*2:2:-1*1:2:1*2:36:-1*1:3:2*1:49:24*1:22:49*1:4:3*1:5:4*1:6:5*1:47:22*2:7:-1*1:7:6*2:14:-1*1:14:-101*2:28:-1*1:28:27*2:11:-1*3:-1:-1*3:-1:-1*3:-1:-1*3:-1:-1*1:48:23*1:21:48*2:29:-1*1:29:28*1:30:29*1:36:11*2:26:-1*1:26:-106*2:44:-1*3:-1:-1*3:-1:-1*3:-1:-1*1:15:14*1:17:44*1:31:30*1:32:31*1:33:32*2:42:-1*1:42:41*2:16:-1*1:16:15*2:34:-1*1:17:16*1:18:17*1:19:18*1:34:33*2:37:-1*1:35:34*1:36:35*1:37:36*2:43:-1*1:43:42*2:8:-1*1:44:43*1:45:44*1:46:45*1:20:19*1:21:20*1:47:46*1:48:47*1:22:21*1:8:7*1:23:22*1:49:48*1:24:23*1:38:37*1:51:26*1:10:50*1:9:8*1:10:9*1:50:49*1:51:50*1:11:10*1:12:11*1:39:38*1:13:12*1:52:51*1:25:24*1:26:25,Minimal,52,133,3,156060,00:00:04.9385867,2
100330,1,'114034061081072084083042103052104082062051031064071111033074041121054123022102101133092134043021131012053013063122124091023044113032024094014112093073132011',+JS*3S*+4D*6C*TH*+5C*8C*5D*3C*+3H*7D*TS*6S*7S*+5S*8S*8D*7C*4C*QH*+TD*8H*6D*JC*QC*2D*TC*+KH*9D*KS*4H*2C*KC*AD*5H*AH*6H*QD*QS*9C*2H*4S*JH*3D*2S*9S*AS*JD*9H*7H*KD*AC,50:11:3:1*42:3:3:0*4:4:0:1*32:6:2:0*23:10:1:0*31:5:2:1*34:8:2:0*5:5:0:0*29:3:2:0*16:3:1:1*7:7:0:0*49:10:3:0*45:6:3:0*46:7:3:0*44:5:3:1*47:8:3:0*8:8:0:0*33:7:2:0*30:4:2:0*25:12:1:0*10:10:0:1*21:8:1:0*6:6:0:0*37:11:2:0*38:12:2:0*2:2:0:0*36:10:2:0*26:13:1:1*9:9:0:0*52:13:3:0*17:4:1:0*28:2:2:0*39:13:2:0*1:1:0:0*18:5:1:0*14:1:1:0*19:6:1:0*12:12:0:0*51:12:3:0*35:9:2:0*15:2:1:0*43:4:3:0*24:11:1:0*3:3:0:0*41:2:3:0*48:9:3:0*40:1:3:0*11:11:0:0*22:9:1:0*20:7:1:0*13:13:0:0*27:1:2:0,1:10:50*2:25:-1*3:-1:-1*3:-1:-1*3:-1:-1*1:17:31*3:-1:-1*1:28:16*1:50:25*1:52:-105*3:-1:-1*3:-1:-1*1:1:-102*3:-1:-1*3:-1:-1*1:14:-101*3:-1:-1*3:-1:-1*1:12:52*3:-1:-1*1:51:26*3:-1:-1*3:-1:-1*1:15:14*3:-1:-1*3:-1:-1*3:-1:-1*3:-1:-1*3:-1:-1*3:-1:-1*1:40:-104*1:48:10*1:41:40*1:4:44*2:42:-1*1:42:41*1:26:-106*2:36:-1*3:-1:-1*1:11:51*1:36:11*2:2:-1*1:2:1*2:38:-1*1:3:2*1:4:3*1:24:38*1:43:42*1:44:43*2:46:-1*3:-1:-1*1:22:36*3:-1:-1*3:-1:-1*3:-1:-1*1:27:-103*1:28:27*1:16:15*2:29:-1*1:17:16*1:29:28*2:5:-1*1:5:4*2:34:-1*1:34:22*1:13:-108*1:38:13*2:37:-1*1:20:34*1:37:12*2:6:-1*1:31:6*2:23:-1*1:23:37*2:32:-1*1:35:23*1:19:46*1:18:17*1:19:18*1:20:19*1:6:46*2:21:-1*1:21:20*1:39:-111*1:25:39*2:30:-1*1:30:29*2:33:-1*1:31:30*1:32:31*1:6:5*1:33:32*2:8:-1*1:34:33*1:35:34*1:22:21*1:23:22*1:36:35*1:37:36*1:24:23*1:38:37*1:46:8*2:45:-1*1:45:44*2:49:-1*1:46:45*1:49:11*2:7:-1*1:7:6*1:8:7*2:47:-1*1:47:46*1:48:47*1:49:48*1:9:8*1:10:9*1:11:10*1:12:11*1:50:49*1:51:50*1:52:51*1:13:12*1:25:24*1:26:25*1:39:38,Minimal,52,104,1,2538351,00:01:11.1580157,2
100340,1,'042092124104131012134024052073033111023044114053094112132013113102041061072122011021043063082014083123121133103091074081054064034093101022032062031051084071',+4D*9D*+2S*QS*5D*+4S*TS*7H*JS*+KD*KC*3H*5H*AH*+4C*AD*JC*9S*JH*6C*+QD*KS*2H*JD*TD*7D*AC*+2C*4H*6H*8D*AS*8H*QH*QC*KH*TH*9C*7S*8C*5S*6S*3S*9H*TC*2D*3D*6D*3C*5C*8S*7C,4:4:0:1*9:9:0:0*41:2:3:1*51:12:3:0*5:5:0:0*43:4:3:1*49:10:3:0*20:7:1:0*50:11:3:0*13:13:0:1*39:13:2:0*16:3:1:0*18:5:1:0*14:1:1:0*30:4:2:1*1:1:0:0*37:11:2:0*48:9:3:0*24:11:1:0*32:6:2:0*12:12:0:1*52:13:3:0*15:2:1:0*11:11:0:0*10:10:0:0*7:7:0:0*27:1:2:0*28:2:2:1*17:4:1:0*19:6:1:0*8:8:0:0*40:1:3:0*21:8:1:0*25:12:1:0*38:12:2:0*26:13:1:0*23:10:1:0*35:9:2:0*46:7:3:0*34:8:2:0*44:5:3:0*45:6:3:0*42:3:3:0*22:9:1:0*36:10:2:0*2:2:0:0*3:3:0:0*6:6:0:0*29:3:2:0*31:5:2:0*47:8:3:0*33:7:2:0,3:-1:-1*3:-1:-1*3:-1:-1*3:-1:-1*1:40:-104*1:41:40*2:9:-1*3:-1:-1*3:-1:-1*3:-1:-1*3:-1:-1*3:-1:-1*3:-1:-1*3:-1:-1*3:-1:-1*3:-1:-1*3:-1:-1*3:-1:-1*1:42:41*1:43:42*2:5:-1*1:43:5*3:-1:-1*3:-1:-1*3:-1:-1*3:-1:-1*1:3:43*1:28:3*2:27:-1*1:27:-103*2:7:-1*1:28:27*3:-1:-1*3:-1:-1*1:29:28*1:30:29*2:14:-1*1:14:-101*2:18:-1*3:-1:-1*1:31:30*3:-1:-1*1:47:9*3:-1:-1*6:-1:-1*3:-1:-1*3:-1:-1*3:-1:-1*3:-1:-1*3:-1:-1*3:-1:-1*3:-1:-1*3:-1:-1*3:-1:-1*3:-1:-1*3:-1:-1*3:-1:-1*3:-1:-1*1:45:7*1:5:45*2:51:-1*1:51:13*1:13:-107*2:50:-1*1:7:47*2:10:-1*1:10:50*2:11:-1*3:-1:-1*3:-1:-1*1:36:11*1:22:36*1:11:51*2:15:-1*1:15:14*2:52:-1*1:12:52*2:32:-1*1:18:32*2:16:-1*1:16:15*2:39:-1*3:-1:-1*3:-1:-1*3:-1:-1*6:-1:-1*3:-1:-1*1:17:16*1:18:17*1:32:31*2:24:-1*1:50:12*2:20:-1*3:-1:-1*1:19:18*1:20:19*2:49:-1*3:-1:-1*3:-1:-1*1:21:20*1:22:21*3:-1:-1*1:25:39*3:-1:-1*3:-1:-1*3:-1:-1*1:23:22*1:24:23*2:48:-1*1:48:10*2:37:-1*1:37:25*2:1:-1*1:1:-102*3:-1:-1*3:-1:-1*3:-1:-1*3:-1:-1*3:-1:-1*1:2:1*1:3:2*1:4:3*1:43:42*1:5:4*1:44:43*1:45:44*3:-1:-1*1:6:5*1:7:6*3:-1:-1*1:33:32*1:34:33*1:46:45*1:47:46*1:48:47*1:49:48*1:35:34*1:36:35*1:37:36*1:25:24*1:26:25*1:38:37*1:39:38*1:8:7*1:9:8*1:10:9*1:11:10*1:50:49*1:51:50*1:12:11*1:13:12*1:52:51,Minimal,52,129,3,453696,00:00:09.7483249,1
100350,1,'063122022133121041051124032132113114094071103082104012043042052081013102111061064062123083074033023112091073084101072024093092044011134131014031021053034054',+6H*QD*+QS*2D*3D*+7C*KH*KD*TH*+4H*QC*JH*8D*4D*+AH*4C*JS*TS*5D*TD*+6C*5C*9S*AD*8C*JC*6S*+6D*QH*8H*7S*3H*2H*JD*9C*7H*8S*TC*7D*2S*9H*9D*4S*AC*KS*KC*AS*3C*2C*5H*3S*5S,19:6:1:1*12:12:0:0*51:12:3:1*2:2:0:0*3:3:0:0*33:7:2:1*26:13:1:0*13:13:0:0*23:10:1:0*17:4:1:1*38:12:2:0*24:11:1:0*8:8:0:0*4:4:0:0*14:1:1:1*30:4:2:0*50:11:3:0*49:10:3:0*5:5:0:0*10:10:0:0*32:6:2:1*31:5:2:0*48:9:3:0*1:1:0:0*34:8:2:0*37:11:2:0*45:6:3:0*6:6:0:1*25:12:1:0*21:8:1:0*46:7:3:0*16:3:1:0*15:2:1:0*11:11:0:0*35:9:2:0*20:7:1:0*47:8:3:0*36:10:2:0*7:7:0:0*41:2:3:0*22:9:1:0*9:9:0:0*43:4:3:0*27:1:2:0*52:13:3:0*39:13:2:0*40:1:3:0*29:3:2:0*28:2:2:0*18:5:1:0*42:3:3:0*44:5:3:0,1:14:-101*2:4:-1*3:-1:-1*3:-1:-1*3:-1:-1*3:-1:-1*3:-1:-1*1:15:14*1:16:15*1:17:16*2:23:-1*3:-1:-1*1:11:51*3:-1:-1*1:35:23*3:-1:-1*3:-1:-1*3:-1:-1*1:36:11*3:-1:-1*3:-1:-1*3:-1:-1*3:-1:-1*1:9:36*3:-1:-1*3:-1:-1*1:27:-103*3:-1:-1*3:-1:-1*3:-1:-1*1:40:-104*3:-1:-1*3:-1:-1*1:28:27*1:29:28*3:-1:-1*1:18:17*1:19:18*3:-1:-1*1:42:4*3:-1:-1*1:44:6*1:39:-105*6:-1:-1*3:-1:-1*1:25:39*3:-1:-1*1:21:35*3:-1:-1*3:-1:-1*1:20:19*1:21:20*3:-1:-1*1:47:9*3:-1:-1*3:-1:-1*1:41:40*1:42:41*3:-1:-1*1:22:21*3:-1:-1*1:43:42*1:44:43*1:6:33*2:45:-1*1:45:44*2:37:-1*1:37:25*2:34:-1*1:7:34*1:46:45*1:47:46*1:34:9*2:1:-1*1:1:-102*2:48:-1*1:48:47*2:31:-1*1:32:7*2:10:-1*1:10:37*2:5:-1*1:5:32*2:49:-1*1:49:48*2:50:-1*1:50:49*2:30:-1*1:4:31*2:8:-1*1:33:8*2:3:-1*1:3:30*2:2:-1*1:2:1*1:3:2*1:30:29*1:4:3*1:5:4*1:6:5*1:31:30*1:32:31*1:7:6*1:33:32*1:34:33*1:35:34*1:8:7*2:24:-1*1:9:8*1:10:9*1:36:35*1:37:36*1:11:10*1:23:22*2:13:-1*1:51:50*2:12:-1*1:12:11*1:24:23*2:38:-1*1:25:24*1:13:12*2:26:-1*1:26:25*1:38:37*1:39:38*3:-1:-1*1:52:51,Minimal,52,106,2,689582,00:00:22.5008621,3
100360,1,'112051111134041132122061014082013121113042114094044103101064021131104073052083034043063054072031084081011024124123032102074022012071023133092033053093091062',+JD*5C*+6C*JC*AS*+4D*KS*8D*JS*+TC*4C*AH*9S*6S*+TS*KD*QC*4S*2C*7H*+8H*QD*JH*TH*KC*5D*3S*+4H*6H*5S*7D*3C*8S*8C*AC*2S*QS*QH*3D*TD*7S*2D*AD*7C*2H*KH*9D*3H*5H*9H*9C*6D,11:11:0:1*31:5:2:0*32:6:2:1*37:11:2:0*40:1:3:0*4:4:0:1*52:13:3:0*8:8:0:0*50:11:3:0*36:10:2:1*30:4:2:0*14:1:1:0*48:9:3:0*45:6:3:0*49:10:3:1*13:13:0:0*38:12:2:0*43:4:3:0*28:2:2:0*20:7:1:0*21:8:1:1*12:12:0:0*24:11:1:0*23:10:1:0*39:13:2:0*5:5:0:0*42:3:3:0*17:4:1:1*19:6:1:0*44:5:3:0*7:7:0:0*29:3:2:0*47:8:3:0*34:8:2:0*27:1:2:0*41:2:3:0*51:12:3:0*25:12:1:0*3:3:0:0*10:10:0:0*46:7:3:0*2:2:0:0*1:1:0:0*33:7:2:0*15:2:1:0*26:13:1:0*9:9:0:0*16:3:1:0*18:5:1:0*22:9:1:0*35:9:2:0*6:6:0:0,3:-1:-1*3:-1:-1*3:-1:-1*3:-1:-1*3:-1:-1*3:-1:-1*3:-1:-1*1:27:-103*3:-1:-1*3:-1:-1*3:-1:-1*3:-1:-1*3:-1:-1*3:-1:-1*1:46:21*3:-1:-1*3:-1:-1*1:1:-102*1:2:1*1:36:11*2:50:-1*1:10:50*1:3:2*1:4:3*2:40:-1*1:40:-104*2:37:-1*3:-1:-1*3:-1:-1*3:-1:-1*3:-1:-1*1:9:49*3:-1:-1*3:-1:-1*1:18:32*3:-1:-1*3:-1:-1*1:35:10*1:21:35*2:20:-1*1:32:20*2:31:-1*1:17:31*2:42:-1*1:42:17*2:5:-1*1:5:4*2:39:-1*1:22:36*3:-1:-1*1:6:5*6:-1:-1*3:-1:-1*3:-1:-1*3:-1:-1*1:7:6*3:-1:-1*3:-1:-1*1:47:9*3:-1:-1*1:34:22*1:20:34*2:28:-1*1:28:27*2:43:-1*1:29:28*3:-1:-1*1:41:40*1:42:41*1:43:42*2:38:-1*1:44:43*1:11:38*1:39:-105*2:23:-1*1:23:37*2:24:-1*1:49:24*2:45:-1*1:45:44*2:48:-1*1:46:45*1:47:46*1:48:47*2:14:-1*1:14:-101*2:30:-1*1:30:29*3:-1:-1*3:-1:-1*1:25:39*1:50:25*2:8:-1*1:8:7*2:52:-1*1:9:8*1:49:48*1:35:23*1:10:9*1:50:49*1:51:50*1:52:51*3:-1:-1*3:-1:-1*1:15:14*3:-1:-1*1:26:-108*3:-1:-1*1:16:15*1:17:16*1:31:30*1:18:17*1:32:31*1:33:32*1:19:18*1:20:19*1:21:20*1:34:33*1:35:34*1:22:21*1:23:22*1:36:35*1:37:36*1:11:10*1:38:37*2:13:-1*1:24:23*2:12:-1*1:25:24*1:39:38*1:26:25*1:12:11*1:13:12,Minimal,52,111,2,6026817,00:03:09.5422224,2
100370,1,'101084093072054123043121052053042114033023092074063071102022131112103081012104034021051073032024082122062134041113091044083111132124064031061094011014013133',+TC*8S*+QC*9H*5D*+2H*7D*5H*9D*+TD*5S*4D*7S*2D*+TH*QH*JS*6H*KC*8C*+TS*4H*3H*7C*JD*AD*3S*+2C*5C*7H*3D*2S*8D*QD*6D*KS*4C*JH*9C*4S*8H*JC*KD*QS*6S*3C*6C*9S*AC*AS*AH*KH,36:10:2:1*47:8:3:0*38:12:2:1*22:9:1:0*5:5:0:0*15:2:1:1*7:7:0:0*18:5:1:0*9:9:0:0*10:10:0:1*44:5:3:0*4:4:0:0*46:7:3:0*2:2:0:0*23:10:1:1*25:12:1:0*50:11:3:0*19:6:1:0*39:13:2:0*34:8:2:0*49:10:3:1*17:4:1:0*16:3:1:0*33:7:2:0*11:11:0:0*1:1:0:0*42:3:3:0*28:2:2:1*31:5:2:0*20:7:1:0*3:3:0:0*41:2:3:0*8:8:0:0*12:12:0:0*6:6:0:0*52:13:3:0*30:4:2:0*24:11:1:0*35:9:2:0*43:4:3:0*21:8:1:0*37:11:2:0*13:13:0:0*51:12:3:0*45:6:3:0*29:3:2:0*32:6:2:0*48:9:3:0*27:1:2:0*40:1:3:0*14:1:1:0*26:13:1:0,3:-1:-1*3:-1:-1*3:-1:-1*3:-1:-1*3:-1:-1*3:-1:-1*3:-1:-1*3:-1:-1*3:-1:-1*3:-1:-1*1:24:38*1:36:24*3:-1:-1*1:35:23*3:-1:-1*3:-1:-1*1:21:35*3:-1:-1*3:-1:-1*1:13:-105*3:-1:-1*1:51:13*3:-1:-1*3:-1:-1*3:-1:-1*3:-1:-1*1:48:10*3:-1:-1*1:27:-103*1:28:27*2:42:-1*3:-1:-1*1:40:-104*3:-1:-1*1:14:-101*1:15:14*2:5:-1*3:-1:-1*6:-1:-1*3:-1:-1*3:-1:-1*3:-1:-1*3:-1:-1*1:41:40*1:42:41*2:1:-1*1:1:-102*2:11:-1*1:11:51*2:33:-1*1:33:21*2:16:-1*1:16:15*2:17:-1*1:17:16*3:-1:-1*1:8:48*3:-1:-1*3:-1:-1*1:6:33*3:-1:-1*1:52:-111*1:12:52*3:-1:-1*3:-1:-1*1:43:42*3:-1:-1*1:37:12*1:23:37*2:2:-1*1:2:1*2:46:-1*1:30:5*1:3:2*1:46:8*2:4:-1*1:4:3*2:44:-1*1:44:43*3:-1:-1*1:45:44*1:46:45*3:-1:-1*1:29:28*1:30:29*1:5:4*2:22:-1*1:6:5*1:49:11*2:34:-1*1:34:22*2:39:-1*1:39:-109*2:19:-1*1:19:33*2:50:-1*1:10:50*2:9:-1*1:9:49*2:18:-1*1:18:17*2:7:-1*1:19:18*1:7:6*1:8:7*1:9:8*1:20:19*1:31:30*3:-1:-1*1:32:31*1:33:32*1:34:33*1:21:20*1:22:21*1:35:34*1:36:35*1:23:22*1:24:23*1:37:36*1:38:37*2:47:-1*1:47:46*1:48:47*1:49:48*1:10:9*1:11:10*1:50:49*2:25:-1*1:51:50*1:39:38*1:25:24*1:12:11*1:13:12*1:52:51*3:-1:-1*1:26:25,Minimal,52,114,2,155124,00:00:04.7888828,2
100380,1,'042073022082053132063072103094114134041032081112131012033051074123083054011091024124062044104061034133052121071092023043014084093122031064013102021111113101',+4D*7H*+7D*2D*TH*+3D*8D*9S*8C*+3H*5H*JS*JD*5C*+8H*KD*KS*KC*7S*5S*+9C*6H*4C*AD*QH*AC*2S*+QS*6D*4S*TS*6C*3S*KH*5D*QC*7C*9D*2H*4H*AS*8S*9H*QD*3C*6S*AH*TD*2C*JC*JH*TC,4:4:0:1*20:7:1:0*7:7:0:1*2:2:0:0*23:10:1:0*3:3:0:1*8:8:0:0*48:9:3:0*34:8:2:0*16:3:1:1*18:5:1:0*50:11:3:0*11:11:0:0*31:5:2:0*21:8:1:1*13:13:0:0*52:13:3:0*39:13:2:0*46:7:3:0*44:5:3:0*35:9:2:1*19:6:1:0*30:4:2:0*1:1:0:0*25:12:1:0*27:1:2:0*41:2:3:0*51:12:3:1*6:6:0:0*43:4:3:0*49:10:3:0*32:6:2:0*42:3:3:0*26:13:1:0*5:5:0:0*38:12:2:0*33:7:2:0*9:9:0:0*15:2:1:0*17:4:1:0*40:1:3:0*47:8:3:0*22:9:1:0*12:12:0:0*29:3:2:0*45:6:3:0*14:1:1:0*10:10:0:0*28:2:2:0*37:11:2:0*24:11:1:0*36:10:2:0,1:21:35*2:31:-1*1:4:31*3:-1:-1*3:-1:-1*3:-1:-1*3:-1:-1*3:-1:-1*1:42:4*3:-1:-1*1:26:-105*1:51:26*2:41:-1*3:-1:-1*3:-1:-1*3:-1:-1*1:33:21*3:-1:-1*3:-1:-1*1:15:42*3:-1:-1*3:-1:-1*1:40:-104*1:41:40*2:27:-1*1:27:-103*2:25:-1*3:-1:-1*3:-1:-1*3:-1:-1*3:-1:-1*3:-1:-1*3:-1:-1*1:14:-101*1:15:14*1:16:15*2:34:-1*1:42:41*3:-1:-1*3:-1:-1*1:28:27*3:-1:-1*1:37:25*1:10:37*1:45:7*1:29:28*3:-1:-1*3:-1:-1*6:-1:-1*3:-1:-1*3:-1:-1*1:43:42*1:6:33*1:35:10*2:44:-1*1:44:43*2:46:-1*1:45:44*1:46:45*2:39:-1*1:25:39*2:1:-1*1:1:-102*2:30:-1*1:3:30*2:23:-1*1:31:6*2:11:-1*1:11:51*2:50:-1*1:23:50*2:2:-1*1:2:1*1:3:2*1:4:3*1:30:29*2:19:-1*1:31:30*3:-1:-1*3:-1:-1*1:32:31*3:-1:-1*1:5:4*1:6:5*1:7:6*2:20:-1*1:33:32*1:34:33*2:48:-1*3:-1:-1*3:-1:-1*3:-1:-1*1:17:16*3:-1:-1*1:47:46*1:48:47*2:8:-1*1:8:7*1:9:8*1:39:-107*2:52:-1*3:-1:-1*3:-1:-1*1:12:52*1:50:12*2:18:-1*1:18:17*1:19:18*1:20:19*1:21:20*1:35:34*1:10:9*1:11:10*1:22:21*1:23:22*3:-1:-1*1:24:23*3:-1:-1*1:36:35*1:37:36*1:25:24*1:38:37*1:39:38*1:49:48*1:50:49*1:51:50*1:26:25*1:12:11*1:52:51*2:13:-1*1:13:12,Minimal,52,109,2,1061668,00:00:32.8556631,3
100390,1,'014071064072133063124042103054122062013021132111043113101083074061052134044022123084104121081011024034082112102073131051093033053023012041092091031032094114',+AS*7C*+4D*6S*TH*+2C*7D*5S*KD*+TC*KH*QD*JC*8H*+5D*6H*6D*4H*7S*KS*+2D*QS*AH*JH*6C*4S*QH*+8S*TS*QC*8C*AC*2S*3S*8D*JD*TD*7H*KC*5C*9H*3H*5H*2H*AD*4C*9D*9C*3C*3D*9S*JS,40:1:3:1*33:7:2:0*4:4:0:1*45:6:3:0*23:10:1:0*28:2:2:1*7:7:0:0*44:5:3:0*13:13:0:0*36:10:2:1*26:13:1:0*12:12:0:0*37:11:2:0*21:8:1:0*5:5:0:1*19:6:1:0*6:6:0:0*17:4:1:0*46:7:3:0*52:13:3:0*2:2:0:1*51:12:3:0*14:1:1:0*24:11:1:0*32:6:2:0*43:4:3:0*25:12:1:0*47:8:3:1*49:10:3:0*38:12:2:0*34:8:2:0*27:1:2:0*41:2:3:0*42:3:3:0*8:8:0:0*11:11:0:0*10:10:0:0*20:7:1:0*39:13:2:0*31:5:2:0*22:9:1:0*16:3:1:0*18:5:1:0*15:2:1:0*1:1:0:0*30:4:2:0*9:9:0:0*35:9:2:0*29:3:2:0*3:3:0:0*48:9:3:0*50:11:3:0,1:40:-104*3:-1:-1*3:-1:-1*3:-1:-1*3:-1:-1*1:27:-103*1:28:27*2:23:-1*3:-1:-1*1:41:40*3:-1:-1*1:42:41*3:-1:-1*3:-1:-1*3:-1:-1*3:-1:-1*1:20:47*3:-1:-1*1:39:-105*3:-1:-1*3:-1:-1*3:-1:-1*3:-1:-1*3:-1:-1*3:-1:-1*1:1:-102*1:2:1*2:52:-1*3:-1:-1*3:-1:-1*1:9:36*1:47:9*2:25:-1*1:25:52*2:43:-1*1:43:42*2:32:-1*3:-1:-1*3:-1:-1*1:29:28*1:35:23*1:30:29*3:-1:-1*1:3:2*1:4:3*2:33:-1*1:5:4*2:21:-1*1:32:20*2:24:-1*1:36:24*2:13:-1*3:-1:-1*3:-1:-1*1:50:25*6:-1:-1*3:-1:-1*3:-1:-1*1:38:13*1:24:38*2:14:-1*1:14:-101*2:51:-1*3:-1:-1*3:-1:-1*1:8:35*3:-1:-1*3:-1:-1*3:-1:-1*1:31:30*3:-1:-1*3:-1:-1*3:-1:-1*1:18:32*3:-1:-1*1:15:14*1:16:15*1:33:8*1:13:-106*2:44:-1*1:44:43*2:7:-1*1:23:50*2:45:-1*1:45:44*1:52:-107*2:46:-1*1:46:45*2:17:-1*1:17:16*2:6:-1*1:18:17*1:32:31*1:33:32*1:6:5*2:19:-1*1:7:6*1:19:18*1:20:19*1:47:46*1:8:7*1:9:8*1:21:20*2:37:-1*1:22:21*1:10:9*1:11:10*1:34:33*1:35:34*1:36:35*1:23:22*1:24:23*1:37:36*2:12:-1*1:38:37*1:39:38*1:12:11*2:26:-1*1:13:12*3:-1:-1*1:48:47*1:49:48*1:50:49*1:25:24*1:26:25*1:51:50*1:52:51,Minimal,52,105,2,3901512,00:01:02.3877845,2
100400,1,'064074124114121094083101113041122071132032012043091061024131042133023031082062081112051022021093013104073103044123092052111034102014033053072054063084134011',+6S*7S*+TC*QS*JH*+3D*JS*4C*AD*+2S*QC*QD*4H*KC*+2H*9S*7C*9C*4D*3C*+6D*8H*KD*6C*KH*8D*8C*+JD*5C*2D*2C*9H*AH*TS*7H*TH*4S*QH*9D*5D*JC*3S*TD*AS*3H*5H*7D*5S*6H*8S*KS*AC,45:6:3:1*46:7:3:0*36:10:2:1*51:12:3:0*24:11:1:0*3:3:0:1*50:11:3:0*30:4:2:0*1:1:0:0*41:2:3:1*38:12:2:0*12:12:0:0*17:4:1:0*39:13:2:0*15:2:1:1*48:9:3:0*33:7:2:0*35:9:2:0*4:4:0:0*29:3:2:0*6:6:0:1*21:8:1:0*13:13:0:0*32:6:2:0*26:13:1:0*8:8:0:0*34:8:2:0*11:11:0:1*31:5:2:0*2:2:0:0*28:2:2:0*22:9:1:0*14:1:1:0*49:10:3:0*20:7:1:0*23:10:1:0*43:4:3:0*25:12:1:0*9:9:0:0*5:5:0:0*37:11:2:0*42:3:3:0*10:10:0:0*40:1:3:0*16:3:1:0*18:5:1:0*7:7:0:0*44:5:3:0*19:6:1:0*47:8:3:0*52:13:3:0*27:1:2:0,1:36:11*2:46:-1*1:6:46*2:29:-1*3:-1:-1*1:31:6*3:-1:-1*1:2:29*3:-1:-1*1:28:3*3:-1:-1*3:-1:-1*1:14:-101*1:15:14*2:39:-1*3:-1:-1*3:-1:-1*3:-1:-1*3:-1:-1*3:-1:-1*1:25:39*3:-1:-1*3:-1:-1*3:-1:-1*1:37:25*3:-1:-1*3:-1:-1*3:-1:-1*1:40:-104*1:41:40*2:1:-1*1:1:-102*2:30:-1*1:2:1*1:10:37*1:42:41*3:-1:-1*1:16:15*1:5:45*1:9:36*1:43:42*3:-1:-1*3:-1:-1*3:-1:-1*1:44:43*3:-1:-1*3:-1:-1*3:-1:-1*3:-1:-1*1:27:-103*1:28:27*1:3:2*2:24:-1*1:29:28*2:4:-1*1:30:29*2:50:-1*1:31:30*1:4:3*2:35:-1*1:5:4*1:45:44*1:6:5*1:46:45*1:39:-105*2:17:-1*1:17:16*2:12:-1*1:52:-106*1:47:46*1:35:10*2:33:-1*1:19:33*1:7:6*1:18:17*1:19:18*1:23:50*1:20:19*1:12:52*2:38:-1*1:11:38*2:34:-1*1:34:9*2:8:-1*1:8:7*2:26:-1*1:38:26*1:26:-109*2:32:-1*1:32:31*2:13:-1*1:33:32*2:48:-1*1:34:33*1:35:34*1:9:8*1:48:47*1:10:9*1:36:35*1:37:36*1:11:10*1:12:11*1:38:37*1:13:12*2:21:-1*1:21:20*1:49:48*1:22:21*1:23:22*1:24:23*2:51:-1*1:25:24*1:50:49*1:39:38*1:51:50*1:52:51*1:26:25,Minimal,52,96,1,414803,00:00:09.2927020,4
100410,1,'131104011044111051012033052101082084061024063043093014102072134113094071034073042021133092123114041081031124013054074053022121083103064112122062091023132032',+KC*TS*+3H*AC*5D*+2S*4S*TC*6H*+TD*JC*8D*4H*7D*+9S*5C*8S*9H*KS*7C*+7H*AD*6C*AS*JH*3S*4D*+2C*KH*9D*QH*JS*4C*8C*3C*QS*AH*5S*7S*5H*2D*QC*8H*TH*6S*JD*QD*6D*9C*2H*KD*3D,39:13:2:1*49:10:3:0*16:3:1:1*27:1:2:0*5:5:0:0*41:2:3:1*43:4:3:0*36:10:2:0*19:6:1:0*10:10:0:1*37:11:2:0*8:8:0:0*17:4:1:0*7:7:0:0*48:9:3:1*31:5:2:0*47:8:3:0*22:9:1:0*52:13:3:0*33:7:2:0*20:7:1:1*1:1:0:0*32:6:2:0*40:1:3:0*24:11:1:0*42:3:3:0*4:4:0:0*28:2:2:1*26:13:1:0*9:9:0:0*25:12:1:0*50:11:3:0*30:4:2:0*34:8:2:0*29:3:2:0*51:12:3:0*14:1:1:0*44:5:3:0*46:7:3:0*18:5:1:0*2:2:0:0*38:12:2:0*21:8:1:0*23:10:1:0*45:6:3:0*11:11:0:0*12:12:0:0*6:6:0:0*35:9:2:0*15:2:1:0*13:13:0:0*3:3:0:0,1:41:16*2:5:-1*3:-1:-1*3:-1:-1*3:-1:-1*1:25:39*3:-1:-1*3:-1:-1*1:30:5*1:16:30*2:49:-1*1:50:25*1:9:49*3:-1:-1*1:34:9*3:-1:-1*3:-1:-1*3:-1:-1*1:14:-101*1:10:50*2:19:-1*1:48:10*2:7:-1*3:-1:-1*1:44:19*3:-1:-1*3:-1:-1*3:-1:-1*3:-1:-1*3:-1:-1*1:21:48*3:-1:-1*3:-1:-1*1:45:7*1:5:45*2:27:-1*1:27:-103*1:28:27*2:4:-1*1:20:34*2:33:-1*1:19:33*2:36:-1*1:33:21*2:52:-1*3:-1:-1*3:-1:-1*1:12:52*3:-1:-1*3:-1:-1*3:-1:-1*1:15:14*3:-1:-1*1:13:-107*1:4:44*2:42:-1*1:42:4*2:24:-1*1:36:24*2:43:-1*3:-1:-1*1:3:43*6:-1:-1*3:-1:-1*3:-1:-1*1:29:28*3:-1:-1*1:51:13*1:24:51*2:40:-1*1:40:-104*2:32:-1*1:41:40*1:42:41*1:16:15*1:30:29*1:32:20*2:1:-1*1:1:-102*3:-1:-1*3:-1:-1*3:-1:-1*1:2:1*1:3:2*1:4:3*1:43:42*1:44:43*1:5:4*1:45:44*1:18:32*1:46:45*3:-1:-1*3:-1:-1*3:-1:-1*3:-1:-1*1:6:5*1:7:6*2:17:-1*1:17:16*2:8:-1*1:18:17*1:19:18*1:8:7*2:37:-1*1:52:-108*2:22:-1*1:22:36*2:47:-1*1:47:46*2:31:-1*1:31:30*1:32:31*1:33:32*1:20:19*1:21:20*1:48:47*1:34:33*1:9:8*1:10:9*1:49:48*1:22:21*1:50:49*1:11:10*1:12:11*1:23:22*3:-1:-1*1:35:34*1:36:35*1:24:23*1:25:24*1:51:50*1:37:36*1:13:12*1:52:51*1:38:37*1:39:38*1:26:25,Minimal,52,115,2,1142201,00:00:33.4253237,4
100420,1,'063064031104042033124094111112093132084052123034051134022121073081023133113072011021131014102032041024091103044054092062053061122043013101114012082074083071',+6H*6S*+9S*3C*JC*+5D*TS*JD*QH*+2D*4D*9H*3S*QC*+2H*3H*KD*5C*7H*KH*+7D*QS*8S*KS*8C*JH*AC*+2C*KC*AS*TD*3D*4C*2S*9C*TH*4S*5S*9D*6D*5H*6C*QD*4H*AH*TC*JS*AD*8D*7S*8H*7C,19:6:1:1*45:6:3:0*48:9:3:1*29:3:2:0*37:11:2:0*5:5:0:1*49:10:3:0*11:11:0:0*25:12:1:0*2:2:0:1*4:4:0:0*22:9:1:0*42:3:3:0*38:12:2:0*15:2:1:1*16:3:1:0*13:13:0:0*31:5:2:0*20:7:1:0*26:13:1:0*7:7:0:1*51:12:3:0*47:8:3:0*52:13:3:0*34:8:2:0*24:11:1:0*27:1:2:0*28:2:2:1*39:13:2:0*40:1:3:0*10:10:0:0*3:3:0:0*30:4:2:0*41:2:3:0*35:9:2:0*23:10:1:0*43:4:3:0*44:5:3:0*9:9:0:0*6:6:0:0*18:5:1:0*32:6:2:0*12:12:0:0*17:4:1:0*14:1:1:0*36:10:2:0*50:11:3:0*1:1:0:0*8:8:0:0*46:7:3:0*21:8:1:0*33:7:2:0,3:-1:-1*3:-1:-1*1:40:-104*3:-1:-1*3:-1:-1*3:-1:-1*3:-1:-1*1:41:40*1:30:5*1:3:30*1:28:3*2:27:-1*1:27:-103*2:24:-1*1:28:27*3:-1:-1*3:-1:-1*3:-1:-1*3:-1:-1*1:44:19*3:-1:-1*3:-1:-1*3:-1:-1*3:-1:-1*3:-1:-1*3:-1:-1*3:-1:-1*1:14:-101*1:15:14*2:38:-1*1:24:38*2:34:-1*1:7:34*2:26:-1*1:38:26*2:42:-1*1:42:41*2:22:-1*1:17:44*1:34:22*2:52:-1*1:12:52*3:-1:-1*1:36:24*3:-1:-1*1:50:12*3:-1:-1*1:1:-102*1:2:1*2:25:-1*1:3:2*1:22:36*2:4:-1*1:4:3*1:26:-109*2:20:-1*1:32:20*1:5:32*2:37:-1*1:37:25*2:29:-1*1:29:28*1:30:29*1:5:4*1:18:32*1:6:5*1:7:6*1:20:34*2:31:-1*1:31:30*2:13:-1*3:-1:-1*1:8:7*1:9:8*1:43:42*1:13:-107*2:16:-1*1:16:15*1:17:16*1:44:43*1:18:17*1:19:18*1:32:31*1:20:19*1:23:37*1:48:23*2:45:-1*1:45:44*3:-1:-1*1:46:45*3:-1:-1*1:21:20*1:52:-105*2:47:-1*1:47:46*2:51:-1*1:48:47*3:-1:-1*1:33:32*1:34:33*1:22:21*1:23:22*1:35:34*1:36:35*1:37:36*1:24:23*1:25:24*2:11:-1*1:38:37*1:26:25*1:10:9*1:11:10*2:49:-1*1:49:48*1:50:49*1:12:11*1:13:12*1:51:50*1:52:51*1:39:38,Minimal,52,99,1,26404,00:00:00.6398463,3
100430,1,'072101102033124012133032011084104044113111031114014082051112063132093034074054091092062023083061042131122022052071094073024053134043064041013103081021121123',+7D*TC*+3D*TD*AC*+JC*3H*8S*3C*+5C*QS*TS*JS*JD*+9H*AD*4S*AS*6H*3S*+5S*KH*JH*8D*KD*7S*9C*+9D*6D*2H*8H*6C*4D*KC*QD*2D*5D*7C*9S*7H*2S*5H*KS*4H*6S*4C*AH*TH*8C*2C*QC*QH,7:7:0:1*36:10:2:0*3:3:0:1*10:10:0:0*27:1:2:0*37:11:2:1*16:3:1:0*47:8:3:0*29:3:2:0*31:5:2:1*51:12:3:0*49:10:3:0*50:11:3:0*11:11:0:0*22:9:1:1*1:1:0:0*43:4:3:0*40:1:3:0*19:6:1:0*42:3:3:0*44:5:3:1*26:13:1:0*24:11:1:0*8:8:0:0*13:13:0:0*46:7:3:0*35:9:2:0*9:9:0:1*6:6:0:0*15:2:1:0*21:8:1:0*32:6:2:0*4:4:0:0*39:13:2:0*12:12:0:0*2:2:0:0*5:5:0:0*33:7:2:0*48:9:3:0*20:7:1:0*41:2:3:0*18:5:1:0*52:13:3:0*17:4:1:0*45:6:3:0*30:4:2:0*14:1:1:0*23:10:1:0*34:8:2:0*28:2:2:0*38:12:2:0*25:12:1:0,3:-1:-1*3:-1:-1*3:-1:-1*3:-1:-1*1:32:7*3:-1:-1*1:4:31*3:-1:-1*3:-1:-1*3:-1:-1*3:-1:-1*1:5:32*3:-1:-1*3:-1:-1*3:-1:-1*3:-1:-1*1:41:3*3:-1:-1*3:-1:-1*3:-1:-1*3:-1:-1*3:-1:-1*3:-1:-1*1:14:-101*1:30:5*1:3:30*2:36:-1*1:9:36*2:35:-1*3:-1:-1*1:23:37*3:-1:-1*1:34:22*3:-1:-1*3:-1:-1*3:-1:-1*6:-1:-1*3:-1:-1*3:-1:-1*1:15:14*3:-1:-1*1:21:35*1:35:23*2:46:-1*1:6:46*1:44:6*2:42:-1*1:42:4*2:19:-1*3:-1:-1*3:-1:-1*3:-1:-1*3:-1:-1*1:33:21*1:19:33*2:40:-1*1:40:-104*2:43:-1*1:41:40*1:42:41*1:43:42*2:1:-1*1:1:-102*1:44:43*1:2:1*3:-1:-1*3:-1:-1*3:-1:-1*3:-1:-1*1:52:-110*3:-1:-1*3:-1:-1*1:45:44*3:-1:-1*1:28:3*3:-1:-1*3:-1:-1*1:25:52*1:37:25*2:27:-1*1:27:-103*2:10:-1*1:28:27*1:3:2*1:4:3*1:31:19*2:29:-1*1:29:28*2:47:-1*1:30:29*1:5:4*1:31:30*1:32:31*1:6:5*1:7:6*1:46:45*2:13:-1*1:47:46*2:16:-1*1:16:15*1:13:-105*2:8:-1*1:8:7*2:24:-1*1:9:8*1:10:9*1:38:13*1:17:16*1:18:17*1:19:18*1:33:32*1:34:33*1:20:19*1:21:20*1:22:21*2:11:-1*1:35:34*1:36:35*1:23:22*1:11:10*2:50:-1*1:37:36*1:38:37*1:24:23*2:26:-1*1:48:47*1:12:11*1:13:12*1:39:38*1:50:25*2:49:-1*1:49:48*2:51:-1*1:50:49*1:51:50*1:25:24*1:52:51*1:26:25,Minimal,52,116,2,503982,00:00:14.6526077,4
100440,1,'134072111021132121054113094112071041034102052031133081062053014103131044023104084033073043123083093051042114063013091101082024061092012122032074011124064022',+KS*7D*+JH*JC*9S*+TD*2C*JD*5D*+6D*KD*7C*3C*5H*+KC*QC*4C*KH*AS*4S*+TS*5S*3S*8C*TH*2H*8S*+3H*7H*4H*QH*8H*9H*5C*4D*JS*6H*AH*9C*TC*8D*2S*6C*9D*AD*QD*3D*7S*AC*QS*6S*2D,52:13:3:1*7:7:0:0*24:11:1:1*37:11:2:0*48:9:3:0*10:10:0:1*28:2:2:0*11:11:0:0*5:5:0:0*6:6:0:1*13:13:0:0*33:7:2:0*29:3:2:0*18:5:1:0*39:13:2:1*38:12:2:0*30:4:2:0*26:13:1:0*40:1:3:0*43:4:3:0*49:10:3:1*44:5:3:0*42:3:3:0*34:8:2:0*23:10:1:0*15:2:1:0*47:8:3:0*16:3:1:1*20:7:1:0*17:4:1:0*25:12:1:0*21:8:1:0*22:9:1:0*31:5:2:0*4:4:0:0*50:11:3:0*19:6:1:0*14:1:1:0*35:9:2:0*36:10:2:0*8:8:0:0*41:2:3:0*32:6:2:0*9:9:0:0*1:1:0:0*12:12:0:0*3:3:0:0*46:7:3:0*27:1:2:0*51:12:3:0*45:6:3:0*2:2:0:0,1:49:24*2:43:-1*1:16:43*2:47:-1*3:-1:-1*1:20:47*3:-1:-1*3:-1:-1*1:25:39*3:-1:-1*3:-1:-1*1:22:49*1:47:22*2:15:-1*3:-1:-1*1:31:6*3:-1:-1*3:-1:-1*1:50:25*1:10:50*2:48:-1*1:4:31*1:21:48*3:-1:-1*3:-1:-1*1:14:-101*1:15:14*2:23:-1*1:16:15*3:-1:-1*1:35:10*3:-1:-1*3:-1:-1*1:8:35*3:-1:-1*3:-1:-1*3:-1:-1*3:-1:-1*1:1:-102*3:-1:-1*1:12:52*3:-1:-1*3:-1:-1*3:-1:-1*1:27:-103*3:-1:-1*3:-1:-1*3:-1:-1*1:2:1*1:45:20*1:48:23*2:37:-1*1:37:12*1:39:-107*2:18:-1*1:43:18*2:40:-1*1:40:-104*2:26:-1*1:51:26*1:46:21*1:3:2*1:4:3*1:6:46*2:5:-1*1:5:4*2:11:-1*1:11:51*2:28:-1*1:28:27*1:18:45*2:29:-1*1:29:28*2:33:-1*1:26:-108*2:30:-1*1:30:29*2:38:-1*1:31:30*1:6:5*1:24:38*2:7:-1*1:7:6*1:8:7*1:9:8*1:32:31*1:33:32*2:13:-1*1:41:40*1:23:37*2:34:-1*1:34:33*2:42:-1*1:42:41*2:44:-1*1:43:42*1:44:43*1:35:34*1:10:9*1:11:10*1:36:35*1:19:46*1:17:16*1:18:17*1:19:18*1:45:44*1:46:45*1:20:19*1:21:20*1:47:46*1:48:47*1:22:21*1:23:22*1:37:36*1:49:48*1:12:11*1:50:49*1:51:50*1:24:23*1:52:51*1:25:24*1:26:25*1:13:12*1:38:37*1:39:38,Minimal,52,104,1,2771598,00:01:15.8796982,2
100450,1,'063031084094134131043123073072122103092021051053121091024013104132023082093041124062133034074113044102022052033042081061101071111014112083012032054114011064',+6H*3C*+QH*8S*7H*+2C*9S*7D*5C*+2S*KS*QD*5H*AH*+2H*KC*TH*QC*TS*8D*+4C*4H*9D*9C*KD*9H*QS*+6D*KH*3S*7S*JH*4S*TD*2D*5D*3H*4D*8C*6C*TC*7C*JC*AS*JD*8H*AD*3D*5S*JS*AC*6S,19:6:1:1*29:3:2:0*25:12:1:1*47:8:3:0*20:7:1:0*28:2:2:1*48:9:3:0*7:7:0:0*31:5:2:0*41:2:3:1*52:13:3:0*12:12:0:0*18:5:1:0*14:1:1:0*15:2:1:1*39:13:2:0*23:10:1:0*38:12:2:0*49:10:3:0*8:8:0:0*30:4:2:1*17:4:1:0*9:9:0:0*35:9:2:0*13:13:0:0*22:9:1:0*51:12:3:0*6:6:0:1*26:13:1:0*42:3:3:0*46:7:3:0*24:11:1:0*43:4:3:0*10:10:0:0*2:2:0:0*5:5:0:0*16:3:1:0*4:4:0:0*34:8:2:0*32:6:2:0*36:10:2:0*33:7:2:0*37:11:2:0*40:1:3:0*11:11:0:0*21:8:1:0*1:1:0:0*3:3:0:0*44:5:3:0*50:11:3:0*27:1:2:0*45:6:3:0,3:-1:-1*3:-1:-1*3:-1:-1*3:-1:-1*3:-1:-1*3:-1:-1*3:-1:-1*3:-1:-1*3:-1:-1*3:-1:-1*3:-1:-1*3:-1:-1*3:-1:-1*3:-1:-1*3:-1:-1*3:-1:-1*1:40:-104*1:41:40*2:31:-1*3:-1:-1*3:-1:-1*3:-1:-1*1:1:-102*3:-1:-1*1:3:30*3:-1:-1*1:44:6*3:-1:-1*1:50:25*3:-1:-1*1:27:-103*1:28:27*2:20:-1*3:-1:-1*1:45:20*6:-1:-1*3:-1:-1*3:-1:-1*1:42:41*3:-1:-1*3:-1:-1*3:-1:-1*3:-1:-1*3:-1:-1*1:2:1*1:3:2*3:-1:-1*3:-1:-1*3:-1:-1*1:4:44*1:42:4*1:15:42*2:14:-1*1:14:-101*2:18:-1*1:15:14*1:42:41*1:4:3*1:16:15*1:5:4*1:10:50*1:43:42*1:44:43*1:45:44*1:6:5*2:51:-1*1:31:19*2:7:-1*1:7:6*2:48:-1*1:24:51*1:46:45*1:48:10*1:26:-108*1:51:26*2:22:-1*3:-1:-1*1:34:22*1:20:34*2:47:-1*1:47:46*1:48:47*1:30:18*2:8:-1*1:8:7*2:49:-1*1:49:48*2:38:-1*3:-1:-1*3:-1:-1*1:36:24*1:22:36*2:13:-1*1:13:-107*2:35:-1*1:38:13*2:23:-1*1:35:23*2:9:-1*1:9:8*2:17:-1*1:17:16*1:10:9*1:23:50*2:39:-1*1:25:39*2:29:-1*1:29:28*1:30:29*1:31:30*1:18:17*2:12:-1*1:19:18*1:20:19*1:32:31*3:-1:-1*1:33:32*1:34:33*1:35:34*3:-1:-1*3:-1:-1*1:11:10*1:12:11*2:52:-1*3:-1:-1*1:21:20*1:22:21*1:36:35*1:23:22*1:24:23*1:50:49*1:51:50*1:25:24*1:26:25*1:52:51*1:37:36*1:38:37*1:13:12*1:39:38,Minimal,52,117,2,1086135,00:00:32.2952393,1
100460,1,'081131104082112061132014063074102031092101084052113032024064094044071121041103124021043033083062093072111073122034011134114022042012091023051123133053013054',+8C*KC*+AS*TS*6H*+TC*8D*7S*8S*+2S*JD*TD*5D*6S*+7C*6C*3C*JH*9S*QC*+TH*KD*9D*3D*4S*4C*QS*+2C*4H*3H*8H*6D*9H*7D*JC*7H*QD*3S*AC*KS*JS*2D*4D*AD*9C*2H*5C*QH*KH*5H*AH*5S,34:8:2:1*39:13:2:0*40:1:3:1*49:10:3:0*19:6:1:0*36:10:2:1*8:8:0:0*46:7:3:0*47:8:3:0*41:2:3:1*11:11:0:0*10:10:0:0*5:5:0:0*45:6:3:0*33:7:2:1*32:6:2:0*29:3:2:0*24:11:1:0*48:9:3:0*38:12:2:0*23:10:1:1*13:13:0:0*9:9:0:0*3:3:0:0*43:4:3:0*30:4:2:0*51:12:3:0*28:2:2:1*17:4:1:0*16:3:1:0*21:8:1:0*6:6:0:0*22:9:1:0*7:7:0:0*37:11:2:0*20:7:1:0*12:12:0:0*42:3:3:0*27:1:2:0*52:13:3:0*50:11:3:0*2:2:0:0*4:4:0:0*1:1:0:0*35:9:2:0*15:2:1:0*31:5:2:0*25:12:1:0*26:13:1:0*18:5:1:0*14:1:1:0*44:5:3:0,1:40:-104*2:39:-1*1:41:40*2:47:-1*3:-1:-1*3:-1:-1*3:-1:-1*3:-1:-1*3:-1:-1*3:-1:-1*1:7:34*3:-1:-1*3:-1:-1*1:20:47*3:-1:-1*1:12:39*3:-1:-1*1:42:41*3:-1:-1*1:27:-103*1:28:27*2:51:-1*1:37:12*1:22:36*1:34:22*3:-1:-1*1:52:-105*1:6:33*3:-1:-1*3:-1:-1*3:-1:-1*3:-1:-1*1:1:-102*3:-1:-1*1:35:23*3:-1:-1*3:-1:-1*1:31:6*3:-1:-1*1:25:52*3:-1:-1*3:-1:-1*3:-1:-1*1:14:-101*3:-1:-1*6:-1:-1*3:-1:-1*3:-1:-1*3:-1:-1*1:21:35*3:-1:-1*3:-1:-1*1:2:1*3:-1:-1*3:-1:-1*1:15:14*1:33:21*2:45:-1*1:45:7*2:5:-1*1:5:45*2:10:-1*1:10:37*2:11:-1*1:11:51*3:-1:-1*1:26:-109*1:51:26*2:30:-1*1:30:5*2:43:-1*1:43:42*2:3:-1*1:3:2*2:9:-1*1:4:3*1:50:25*1:16:15*1:17:16*3:-1:-1*1:18:17*3:-1:-1*1:44:43*1:36:11*2:19:-1*1:19:18*2:49:-1*1:20:19*1:23:50*2:38:-1*1:9:49*2:13:-1*1:38:13*2:48:-1*1:48:10*2:24:-1*1:24:38*2:29:-1*1:29:28*2:32:-1*1:30:29*1:31:30*1:5:4*1:6:5*1:45:44*1:7:6*1:32:31*1:33:32*1:21:20*1:34:33*1:35:34*1:22:21*1:23:22*1:36:35*1:24:23*1:47:9*2:46:-1*1:46:45*2:8:-1*1:47:46*1:48:47*1:8:7*1:9:8*1:10:9*1:37:36*1:49:48*1:50:49*1:25:24*1:11:10*1:12:11*1:51:50*1:52:51*1:26:25*1:38:37*1:39:38*1:13:12,Minimal,52,114,2,1940486,00:00:56.0443896,1
100470,1,'052092082122031051091114121063062134074084011083111043061042054103132094101064081104093102123053041022124012032073034112072021133023044024131071013113014033',+5D*9D*+JS*8D*QC*+8S*QD*6H*AC*+6C*3C*6D*8H*4D*+KD*5C*KS*JC*5S*9S*+6S*9C*7S*4H*TH*TC*8C*+TS*9H*TD*QH*5H*4C*2D*QS*AD*3D*7H*3S*JD*7D*2C*KH*2H*4S*2S*KC*7C*AH*JH*AS*3H,5:5:0:1*9:9:0:0*50:11:3:1*8:8:0:0*38:12:2:0*47:8:3:1*12:12:0:0*19:6:1:0*27:1:2:0*32:6:2:1*29:3:2:0*6:6:0:0*21:8:1:0*4:4:0:0*13:13:0:1*31:5:2:0*52:13:3:0*37:11:2:0*44:5:3:0*48:9:3:0*45:6:3:1*35:9:2:0*46:7:3:0*17:4:1:0*23:10:1:0*36:10:2:0*34:8:2:0*49:10:3:1*22:9:1:0*10:10:0:0*25:12:1:0*18:5:1:0*30:4:2:0*2:2:0:0*51:12:3:0*1:1:0:0*3:3:0:0*20:7:1:0*42:3:3:0*11:11:0:0*7:7:0:0*28:2:2:0*26:13:1:0*15:2:1:0*43:4:3:0*41:2:3:0*39:13:2:0*33:7:2:0*14:1:1:0*24:11:1:0*40:1:3:0*16:3:1:0,3:-1:-1*1:22:49*3:-1:-1*3:-1:-1*3:-1:-1*3:-1:-1*3:-1:-1*3:-1:-1*3:-1:-1*1:1:-102*1:51:13*1:2:1*3:-1:-1*1:3:2*3:-1:-1*1:20:47*1:32:20*2:27:-1*1:27:-103*2:19:-1*1:47:22*2:38:-1*3:-1:-1*3:-1:-1*1:11:38*3:-1:-1*3:-1:-1*1:28:27*1:5:32*3:-1:-1*1:26:-105*1:38:26*2:8:-1*3:-1:-1*3:-1:-1*3:-1:-1*3:-1:-1*3:-1:-1*3:-1:-1*1:14:-101*3:-1:-1*1:24:51*3:-1:-1*1:40:-104*1:33:8*1:49:24*2:34:-1*1:19:33*2:12:-1*1:50:12*2:9:-1*1:34:9*2:36:-1*1:36:11*2:23:-1*1:23:50*2:17:-1*1:9:36*1:39:-106*1:41:40*1:43:5*1:15:14*3:-1:-1*1:16:15*1:17:16*2:46:-1*1:7:34*1:42:41*1:43:42*1:45:7*2:48:-1*1:48:23*2:44:-1*1:44:43*2:37:-1*1:45:44*1:46:45*2:35:-1*1:8:35*1:13:-107*2:4:-1*1:4:3*2:21:-1*1:5:4*1:21:48*2:6:-1*1:6:5*2:29:-1*1:29:28*1:30:29*1:18:17*1:19:18*1:32:7*1:20:19*1:47:46*1:21:20*1:22:21*1:48:47*1:49:48*1:23:22*1:24:23*1:50:49*1:51:50*1:25:24*1:37:12*2:52:-1*1:52:51*2:31:-1*1:31:30*1:32:31*1:7:6*1:33:32*1:34:33*1:8:7*1:9:8*1:35:34*1:36:35*1:37:36*1:10:9*1:11:10*1:38:37*1:26:25*1:39:38*1:12:11*1:13:12,Solved,52,104,1,10000000,00:05:15.2839865,4
100480,1,'101104102132134023094043024071091113124082133114063112123122061103033073064083042084041022072052111131012062081014013093121011034031092074051054044032021053',+TC*TS*+4H*TD*2S*+8D*KD*7C*KH*+QH*KS*9C*JS*QD*+3H*2H*JH*6H*6C*7H*+8H*9S*QS*JD*TH*6S*4D*+8S*4C*2D*7D*5D*JC*KC*AD*6D*8C*AS*AH*9H*QC*AC*3S*3C*9D*7S*5C*5S*4S*3D*2C*5H,36:10:2:1*49:10:3:0*17:4:1:1*10:10:0:0*41:2:3:0*8:8:0:1*13:13:0:0*33:7:2:0*26:13:1:0*25:12:1:1*52:13:3:0*35:9:2:0*50:11:3:0*12:12:0:0*16:3:1:1*15:2:1:0*24:11:1:0*19:6:1:0*32:6:2:0*20:7:1:0*21:8:1:1*48:9:3:0*51:12:3:0*11:11:0:0*23:10:1:0*45:6:3:0*4:4:0:0*47:8:3:1*30:4:2:0*2:2:0:0*7:7:0:0*5:5:0:0*37:11:2:0*39:13:2:0*1:1:0:0*6:6:0:0*34:8:2:0*40:1:3:0*14:1:1:0*22:9:1:0*38:12:2:0*27:1:2:0*42:3:3:0*29:3:2:0*9:9:0:0*46:7:3:0*31:5:2:0*44:5:3:0*43:4:3:0*3:3:0:0*28:2:2:0*18:5:1:0,3:-1:-1*3:-1:-1*3:-1:-1*1:7:47*3:-1:-1*3:-1:-1*1:37:25*3:-1:-1*3:-1:-1*1:1:-102*3:-1:-1*3:-1:-1*3:-1:-1*1:40:-104*3:-1:-1*1:14:-101*3:-1:-1*1:22:36*1:47:22*2:4:-1*3:-1:-1*3:-1:-1*1:27:-103*3:-1:-1*1:42:17*3:-1:-1*1:29:4*3:-1:-1*3:-1:-1*1:46:21*3:-1:-1*3:-1:-1*3:-1:-1*3:-1:-1*3:-1:-1*1:28:27*1:29:28*3:-1:-1*6:-1:-1*3:-1:-1*1:30:29*3:-1:-1*1:2:1*3:-1:-1*3:-1:-1*3:-1:-1*3:-1:-1*3:-1:-1*3:-1:-1*3:-1:-1*1:31:30*3:-1:-1*3:-1:-1*3:-1:-1*1:3:2*1:4:3*2:45:-1*3:-1:-1*6:-1:-1*3:-1:-1*1:5:4*3:-1:-1*3:-1:-1*1:6:5*1:7:6*1:8:7*2:41:-1*1:41:40*2:10:-1*1:42:41*1:10:37*1:39:-107*3:-1:-1*3:-1:-1*3:-1:-1*1:9:8*1:10:9*3:-1:-1*3:-1:-1*1:43:42*1:44:43*1:45:44*2:23:-1*1:23:37*2:11:-1*1:11:10*2:51:-1*1:25:39*2:26:-1*1:51:26*2:48:-1*1:21:48*2:20:-1*1:20:47*2:32:-1*1:32:31*2:19:-1*1:19:46*2:24:-1*1:24:51*2:15:-1*1:15:14*1:16:15*2:12:-1*1:17:16*2:49:-1*1:12:11*2:50:-1*3:-1:-1*1:18:17*1:19:18*1:20:19*1:46:45*1:47:46*1:21:20*1:22:21*1:23:22*1:24:23*1:48:47*1:49:48*1:50:49*2:35:-1*1:51:50*1:26:-106*2:33:-1*1:33:32*2:13:-1*1:13:12*1:38:26*1:34:33*1:35:34*2:52:-1*1:36:35*1:37:36*1:38:37*1:25:24*1:26:25*1:39:38*1:52:51,Minimal,52,116,3,64551,00:00:01.9276021,1
100490,1,'062041121112061033071091053011111043114104014064082073024134133083074032102012093034051101103044063023072122052124131132123054042013113021022031084081094092',+6D*4C*+9C*QC*5H*+TS*JD*AC*AS*+2S*6C*JC*6S*KS*+7S*3H*4H*8D*KH*3D*+AD*7C*JS*7H*8H*TD*9H*+3S*5C*TC*TH*4S*6H*2H*7D*QD*5D*QS*KC*KD*QH*5S*4D*AH*JH*2C*2D*3C*8S*8C*9S*9D,6:6:0:1*30:4:2:0*35:9:2:1*38:12:2:0*18:5:1:0*49:10:3:1*11:11:0:0*27:1:2:0*40:1:3:0*41:2:3:1*32:6:2:0*37:11:2:0*45:6:3:0*52:13:3:0*46:7:3:1*16:3:1:0*17:4:1:0*8:8:0:0*26:13:1:0*3:3:0:0*1:1:0:1*33:7:2:0*50:11:3:0*20:7:1:0*21:8:1:0*10:10:0:0*22:9:1:0*42:3:3:1*31:5:2:0*36:10:2:0*23:10:1:0*43:4:3:0*19:6:1:0*15:2:1:0*7:7:0:0*12:12:0:0*5:5:0:0*51:12:3:0*39:13:2:0*13:13:0:0*25:12:1:0*44:5:3:0*4:4:0:0*14:1:1:0*24:11:1:0*28:2:2:0*2:2:0:0*29:3:2:0*47:8:3:0*34:8:2:0*48:9:3:0*9:9:0:0,1:1:-102*2:3:-1*1:41:3*2:40:-1*1:40:-104*2:27:-1*1:27:-103*2:11:-1*1:41:40*1:49:11*2:18:-1*3:-1:-1*1:31:6*3:-1:-1*3:-1:-1*3:-1:-1*1:43:18*3:-1:-1*3:-1:-1*1:15:42*1:6:46*3:-1:-1*3:-1:-1*3:-1:-1*3:-1:-1*3:-1:-1*1:39:-105*3:-1:-1*3:-1:-1*1:25:39*3:-1:-1*3:-1:-1*3:-1:-1*1:14:-101*1:15:14*1:42:41*2:22:-1*1:43:42*3:-1:-1*3:-1:-1*1:28:27*3:-1:-1*1:2:1*1:3:2*2:26:-1*1:22:49*2:10:-1*3:-1:-1*1:29:28*1:35:10*2:30:-1*1:30:29*1:26:-106*2:8:-1*1:8:35*2:17:-1*1:17:31*2:16:-1*1:16:15*1:17:16*1:18:17*2:38:-1*1:31:30*1:24:38*1:4:3*1:44:43*1:46:8*2:52:-1*1:52:-110*2:45:-1*1:45:44*2:37:-1*1:37:25*2:32:-1*1:32:31*1:13:-109*1:51:26*1:5:4*1:6:5*1:46:45*1:12:52*1:7:6*1:8:7*1:19:18*1:10:37*2:21:-1*1:21:35*2:20:-1*1:20:19*2:50:-1*1:21:20*1:22:21*1:23:22*1:24:23*3:-1:-1*1:47:46*3:-1:-1*3:-1:-1*1:48:47*1:49:48*1:50:49*2:33:-1*1:33:32*1:51:50*1:34:33*1:35:34*1:36:35*3:-1:-1*1:9:8*1:10:9*1:37:36*1:25:24*1:38:37*1:11:10*1:39:38*1:26:25*1:12:11*1:13:12*1:52:51,Minimal,52,98,1,354031,00:00:10.0046888,4
100500,1,'103104112063052034123102121024022072091062074084064014042043023041094054133082011083122013032061071081033053092113131021044093031134114073051124111012101132',+TH*TS*+TD*JD*QC*+6D*6H*2S*7S*+4D*5D*2D*8S*4H*+9S*3S*7D*6S*2H*5S*+8D*QH*9C*AS*4C*KH*AC*+8H*QD*AH*3D*6C*7C*8C*3H*5H*9D*JH*KC*2C*4S*9H*3C*KS*JS*7H*5C*QS*JC*AD*TC*KD,23:10:1:1*49:10:3:0*10:10:0:1*11:11:0:0*38:12:2:0*6:6:0:1*19:6:1:0*41:2:3:0*46:7:3:0*4:4:0:1*5:5:0:0*2:2:0:0*47:8:3:0*17:4:1:0*48:9:3:1*42:3:3:0*7:7:0:0*45:6:3:0*15:2:1:0*44:5:3:0*8:8:0:1*25:12:1:0*35:9:2:0*40:1:3:0*30:4:2:0*26:13:1:0*27:1:2:0*21:8:1:1*12:12:0:0*14:1:1:0*3:3:0:0*32:6:2:0*33:7:2:0*34:8:2:0*16:3:1:0*18:5:1:0*9:9:0:0*24:11:1:0*39:13:2:0*28:2:2:0*43:4:3:0*22:9:1:0*29:3:2:0*52:13:3:0*50:11:3:0*20:7:1:0*31:5:2:0*51:12:3:0*37:11:2:0*1:1:0:0*36:10:2:0*13:13:0:0,3:-1:-1*3:-1:-1*1:14:-101*1:21:48*2:27:-1*1:27:-103*2:26:-1*3:-1:-1*3:-1:-1*3:-1:-1*1:33:21*3:-1:-1*3:-1:-1*3:-1:-1*3:-1:-1*3:-1:-1*3:-1:-1*3:-1:-1*1:28:27*3:-1:-1*3:-1:-1*3:-1:-1*1:29:28*1:48:23*2:17:-1*1:6:33*2:38:-1*1:38:26*2:11:-1*1:11:38*1:26:-107*2:30:-1*1:30:29*2:40:-1*1:40:-104*2:35:-1*1:8:35*2:44:-1*1:35:10*2:25:-1*3:-1:-1*3:-1:-1*1:50:25*3:-1:-1*3:-1:-1*1:31:30*1:17:44*2:47:-1*1:20:47*1:10:50*2:49:-1*1:49:11*1:52:-106*1:22:49*3:-1:-1*3:-1:-1*3:-1:-1*1:1:-102*3:-1:-1*3:-1:-1*6:-1:-1*3:-1:-1*3:-1:-1*3:-1:-1*1:32:31*1:47:22*2:2:-1*1:2:1*2:5:-1*1:3:2*1:4:3*2:46:-1*1:5:4*1:6:5*1:33:32*1:46:21*2:41:-1*1:41:40*2:19:-1*1:44:19*2:15:-1*1:15:14*2:45:-1*1:45:20*2:7:-1*1:7:6*2:42:-1*1:42:41*1:8:7*3:-1:-1*1:34:33*1:35:34*3:-1:-1*1:16:15*1:17:16*3:-1:-1*1:18:17*3:-1:-1*1:9:8*1:10:9*3:-1:-1*3:-1:-1*3:-1:-1*1:43:42*1:44:43*1:45:44*1:46:45*1:19:18*1:20:19*1:21:20*1:47:46*1:48:47*1:22:21*1:23:22*1:49:48*1:11:10*1:50:49*3:-1:-1*1:51:50*1:52:51*3:-1:-1*3:-1:-1*1:36:35*1:37:36*1:38:37*1:39:38*1:24:23*1:25:24*1:26:25*1:12:11*3:-1:-1*1:13:12,Minimal,52,110,2,435291,00:00:12.0950586,4
